,links
0,https://mobilecity.vn/dien-thoai/xiaomi-redmi-12c-helio-g85.html
1,https://mobilecity.vn/lg/lg-g7-cu.html
2,https://mobilecity.vn/dien-thoai/xiaomi-redmi-13r-5g-man-hinh-90hz.html
3,https://mobilecity.vn/dien-thoai/xiaomi-redmi-note-12-5g-snapdragon-4-gen-1.html
4,https://mobilecity.vn/dien-thoai/xiaomi-redmi-note-12r-snapdragon-4-gen-2.html
5,https://mobilecity.vn/dien-thoai/xiaomi-redmi-13c-camera-50mp.html
6,https://mobilecity.vn/dien-thoai/xiaomi-poco-c65-gia-re.html
7,https://mobilecity.vn/dien-thoai/realme-v60-5g.html
8,https://mobilecity.vn/dien-thoai/xiaomi-redmi-14c-helio-g81ultra.html
9,https://mobilecity.vn/dien-thoai/oppo-a3x-5g-dimensity-6300.html
10,https://mobilecity.vn/dien-thoai/xiaomi-redmi-note-11-5g-dimensity-810.html
11,https://mobilecity.vn/dien-thoai/xiaomi-redmi-note-13-gia-re.html
12,https://mobilecity.vn/samsung/samsung-galaxy-tab-a7-lite.html
13,https://mobilecity.vn/dien-thoai/vivo-iqoo-z9x-5g.html
14,https://mobilecity.vn/dien-thoai/xiaomi-redmi-note-11-pro-plus-5g.html
15,https://mobilecity.vn/dien-thoai/xiaomi-redmi-note-13-4g.html
16,https://mobilecity.vn/dien-thoai/xiaomi-redmi-note-14-5g.html
17,https://mobilecity.vn/dien-thoai/xiaomi-redmi-note-13-pro-cau-hinh-manh.html
18,https://mobilecity.vn/dien-thoai/samsung-galaxy-s21-fe-cu.html
19,https://mobilecity.vn/dien-thoai/xiaomi-redmi-note-14-pro-5g.html
20,https://mobilecity.vn/dien-thoai/vivo-iqoo-z9-5g-snapdragon-7-gen-3.html
21,https://mobilecity.vn/dien-thoai/samsung-galaxy-s21-cu.html
22,https://mobilecity.vn/dien-thoai/realme-11-pro-cu-5g-man-hinh-1-ty-mau.html
23,https://mobilecity.vn/dien-thoai/xiaomi-redmi-turbo-3-snapdragon-8s-gen-3.html
24,https://mobilecity.vn/dien-thoai/realme-gt-neo-6-se-5g-chip-sieu-manh.html
25,https://mobilecity.vn/dien-thoai/samsung-galaxy-s21-plus-cu.html
26,https://mobilecity.vn/apple/iphone-xs-max-cu.html
27,https://mobilecity.vn/dien-thoai/vivo-iqoo-z9-turbo-snapdragon-8s-gen-3.html
28,https://mobilecity.vn/dien-thoai/oneplus-ace-3v-hieu-nang-manh-me.html
29,https://mobilecity.vn/dien-thoai/xiaomi-redmi-note-14-pro-plus-5g.html
30,https://mobilecity.vn/apple/iphone-11-pro-cu.html
31,https://mobilecity.vn/dien-thoai/samsung-galaxy-s22-plus-cu.html
32,https://mobilecity.vn/dien-thoai/realme-gt-neo-6-chip-sieu-manh.html
33,https://mobilecity.vn/dien-thoai/vivo-iqoo-neo-9-hieu-nang-sieu-manh.html
34,https://mobilecity.vn/dien-thoai/xiaomi-redmi-k70-cau-hinh-manh.html
35,https://mobilecity.vn/samsung/samsung-galaxy-note-20-ultra-cu.html
36,https://mobilecity.vn/apple/iphone-11-pro-max-cu.html
37,https://mobilecity.vn/dien-thoai/samsung-galaxy-s21-ultra-cu-camera-108mp.html
38,https://mobilecity.vn/dien-thoai/samsung-galaxy-s23-fe-cu-99-9-quay-phim-8k.html
39,https://mobilecity.vn/dien-thoai/vivo-iqoo-neo-9s-pro-5g-global.html
40,https://mobilecity.vn/dien-thoai/vivo-iqoo-z9-turbo-plus.html
41,https://mobilecity.vn/dien-thoai/vivo-iqoo-neo-10.html
42,https://mobilecity.vn/apple/iphone-12-pro-cu.html
43,https://mobilecity.vn/dien-thoai/xiaomi-redmi-k70-ultra-5g.html
44,https://mobilecity.vn/dien-thoai/vivo-iqoo-neo-9s-pro-plus-thiet-ke-noi-bat.html
45,https://mobilecity.vn/dien-thoai/xiaomi-13.html
46,https://mobilecity.vn/dien-thoai/realme-gt6-5g-cao-cap.html
47,https://mobilecity.vn/dien-thoai/xiaomi-redmi-k70-pro-sieu-manh.html
48,https://mobilecity.vn/dien-thoai/iphone-13-cu.html
49,https://mobilecity.vn/dien-thoai/samsung-galaxy-s22-ultra-cu.html
50,https://mobilecity.vn/dien-thoai/vivo-iqoo-neo-10-pro-5g.html
51,https://mobilecity.vn/apple/iphone-12-pro-max-cu.html
52,https://mobilecity.vn/dien-thoai/samsung-galaxy-s23-plus-cu-sac-45w.html
53,https://mobilecity.vn/dien-thoai/vivo-x100s-5g-chip-sieu-manh.html
54,https://mobilecity.vn/dien-thoai/iphone-14-plus-cu.html
55,https://mobilecity.vn/dien-thoai/zte-nubia-red-magic-9-pro-5g.html
56,https://mobilecity.vn/dien-thoai/iphone-13-pro-max-cu.html
57,https://mobilecity.vn/dien-thoai/realme-gt7-pro-5g-cao-cap-hang-dau.html
58,https://mobilecity.vn/dien-thoai/vivo-iqoo-13-5g-snapdragon-8-gen-4.html
59,https://mobilecity.vn/dien-thoai/samsung-galaxy-s24-plus-cu-dep-nhu-moi.html
60,https://mobilecity.vn/dien-thoai/vivo-x200-5g-cao-cap.html
61,https://mobilecity.vn/dien-thoai/samsung-galaxy-s23-ultra-cu-gia-re.html
62,https://mobilecity.vn/dien-thoai/xiaomi-15-5g-sieu-manh.html
63,https://mobilecity.vn/dien-thoai/iphone-15-plus-cu-pin-lau-dai.html
64,https://mobilecity.vn/dien-thoai/iphone-14-pro-cu.html
65,https://mobilecity.vn/dien-thoai/vivo-x200-pro-mini.html
66,https://mobilecity.vn/dien-thoai/iphone-14-pro-max-cu.html
67,https://mobilecity.vn/dien-thoai/asus-rog-phone-9-snapdragon-8-elite.html
68,https://mobilecity.vn/dien-thoai/iphone-15-pro-cu-hinh-thuc-dep.html
69,https://mobilecity.vn/dien-thoai/zte-nubia-red-magic-10-pro.html
70,https://mobilecity.vn/dien-thoai/vivo-x200-pro-chip-khung-nhat.html
71,https://mobilecity.vn/dien-thoai/iphone-15-pro-max-cu.html
72,https://mobilecity.vn/dien-thoai/samsung-galaxy-s24-ultra-5g.html
73,https://mobilecity.vn/dien-thoai/xiaomi-redmi-a3x-man-hinh-90hz.html
74,https://mobilecity.vn/bkav/bphone-a40.html
75,https://mobilecity.vn/dien-thoai/tecno-spark-go-2023-pin-5000mah.html
76,https://mobilecity.vn/dien-thoai/realme-c30s-chinh-hang-gia-re.html
77,https://mobilecity.vn/dien-thoai/xiaomi-redmi-note-12r-cu-man-hinh-90hz.html
78,https://mobilecity.vn/dien-thoai/realme-note-60-chinh-hang.html
79,https://mobilecity.vn/dien-thoai/tecno-spark-30c-helio-g81.html
80,https://mobilecity.vn/dien-thoai/tecno-spark-20-ram-8gb.html
81,https://mobilecity.vn/dien-thoai/xiaomi-redmi-a3-man-hinh-90hz.html
82,https://mobilecity.vn/dien-thoai/realme-note-50-chinh-hang.html
83,https://mobilecity.vn/dien-thoai/tecno-spark-6-go.html
84,https://mobilecity.vn/dien-thoai/xiaomi-poco-c61-man-hinh-90hz.html
85,https://mobilecity.vn/bkav/bphone-a50.html
86,https://mobilecity.vn/dien-thoai/xiaomi-redmi-a3-pro-global.html
87,https://mobilecity.vn/realme/realme-c11.html
88,https://mobilecity.vn/dien-thoai/gionee-g13-pro.html
89,https://mobilecity.vn/dien-thoai/xiaomi-redmi-10a.html
90,https://mobilecity.vn/dien-thoai/tecno-spark-20c-dynamic-island.html
91,https://mobilecity.vn/dien-thoai/xiaomi-redmi-a4-5g-snapdragon-4s-gen-2.html
92,https://mobilecity.vn/dien-thoai/tecno-spark-20-pro-man-hinh-120Hz.html
93,https://mobilecity.vn/dien-thoai/xiaomi-redmi-note-11-pro-cu-china-camera-108MP.html
94,https://mobilecity.vn/bkav/bphone-a60.html
95,https://mobilecity.vn/dien-thoai/realme-c51s-camera-50mp.html
96,https://mobilecity.vn/dien-thoai/realme-c33.html
97,https://mobilecity.vn/dien-thoai/xiaomi-redmi-a1-plus-van-tay.html
98,https://mobilecity.vn/dien-thoai/xiaomi-poco-c75-5g-dimensity-4s-gen-2.html
99,https://mobilecity.vn/dien-thoai/tecno-pova-5-chinh-hang-cu-gia-re.html
100,https://mobilecity.vn/dien-thoai/oppo-a17k-chinh-hang-ho-tro-ip-x4.html
101,https://mobilecity.vn/dien-thoai/itel-power-55-5g-dimensity-6080.html
102,https://mobilecity.vn/lg/lg-v50-thinq-cu.html
103,https://mobilecity.vn/dien-thoai/vivo-y03-chinh-hang.html
104,https://mobilecity.vn/dien-thoai/redmi-note-11t-pro-plus-cu-dimensity-8100.html
105,https://mobilecity.vn/dien-thoai/itel-s23-plus-man-hinh-cong.html
106,https://mobilecity.vn/dien-thoai/vivo-iqoo-z9x-cu-nguyen-ban.html
107,https://mobilecity.vn/dien-thoai/realme-10-pro-cu-99-gia-sieu-re.html
108,https://mobilecity.vn/dien-thoai/xiaomi-poco-c75-man-6-88-120hz.html
109,https://mobilecity.vn/dien-thoai/realme-v70-5g-sac-45w.html
110,https://mobilecity.vn/dien-thoai/xiaomi-black-shark-3-cu-snapdragon-865.html
111,https://mobilecity.vn/dien-thoai/xiaomi-redmi-note-12-pro-cu-dep-nhu-moi.html
112,https://mobilecity.vn/dien-thoai/xiaomi-redmi-note-13-chinh-hang-cu-dgw.html
113,https://mobilecity.vn/dien-thoai/realme-c51-pin-5000mah-dynamic-island.html
114,https://mobilecity.vn/dien-thoai/realme-narzo-50a-prime.html
115,https://mobilecity.vn/dien-thoai/realme-c65-5g-dimensity-6300.html
116,https://mobilecity.vn/dien-thoai/realme-c63-man-90hz-sac-45w.html
117,https://mobilecity.vn/dien-thoai/tecno-spark-30-helio-g91.html
118,https://mobilecity.vn/dien-thoai/xiaomi-poco-m6-5g-man-hinh-90hz.html
119,https://mobilecity.vn/kho-may-cu/xiaomi-redmi-k40-cu.html
120,https://mobilecity.vn/dien-thoai/realme-narzo-n65-5g-ip54.html
121,https://mobilecity.vn/dien-thoai/xiaomi-poco-m6-pro-5g-man-hinh-90hz.html
122,https://mobilecity.vn/dien-thoai/realme-c35.html
123,https://mobilecity.vn/dien-thoai/vivo-iqoo-z9-lite-5g.html
124,https://mobilecity.vn/dien-thoai/vivo-iqoo-z7i-gia-re.html
125,https://mobilecity.vn/dien-thoai/xiaomi-redmi-note-11-pro-chinh-hang.html
126,https://mobilecity.vn/dien-thoai/xiaomi-redmi-note-11t-pro-cu-man-hinh-144hz.html
127,https://mobilecity.vn/dien-thoai/thanh-hung-hero-9.html
128,https://mobilecity.vn/dien-thoai/xiaomi-mi-11-cu.html
129,https://mobilecity.vn/dien-thoai/xiaomi-mi-10s-cu.html
130,https://mobilecity.vn/dien-thoai/xiaomi-redmi-k40s-cu-snapdragon-870-5g.html
131,https://mobilecity.vn/vivo/vivo-y20.html
132,https://mobilecity.vn/dien-thoai/tecno-spark-10-pro-helio-g88.html
133,https://mobilecity.vn/dien-thoai/xiaomi-redmi-note-11-pro-5g.html
134,https://mobilecity.vn/apple-watch/apple-watch-series-3-nhom-38mm.html
135,https://mobilecity.vn/xiaomi/xiaomi-black-shark-2.html
136,https://mobilecity.vn/dien-thoai/xiaomi-redmi-k50-cu.html
137,https://mobilecity.vn/dien-thoai/zte-axon-a41-5g-snapdragon-870.html
138,https://mobilecity.vn/dien-thoai/vivo-y17s-helio-g85.html
139,https://mobilecity.vn/dien-thoai/xiaomi-redmi-13c-5g-dimensity-6100-plus.html
140,https://mobilecity.vn/dien-thoai/realme-c65-chinh-hang.html
141,https://mobilecity.vn/dien-thoai/realme-narzo-70x-5g-dimensity-6100-plus.html
142,https://mobilecity.vn/vivo/vivo-y21.html
143,https://mobilecity.vn/apple-watch/apple-watch-series-3-nhom-42mm-cu-99-9.html
144,https://mobilecity.vn/dien-thoai/realme-q5-pro.html
145,https://mobilecity.vn/dien-thoai/oppo-a57-chinh-hang-sac-33w.html
146,https://mobilecity.vn/dien-thoai/xiaomi-redmi-note-13-pro-cu-gia-sieu-re.html
147,https://mobilecity.vn/xiaomi/xiaomi-redmi-note-11.html
148,https://mobilecity.vn/dien-thoai/vivo-y27s-snapdragon-680.html
149,https://mobilecity.vn/dien-thoai/vivo-y78t-5g-snapdragon-6-gen-1.html
150,https://mobilecity.vn/dien-thoai/realme-narzo-60x-dimensity-6100-plus.html
151,https://mobilecity.vn/dien-thoai/motorola-moto-g14-pin-5000mah.html
152,https://mobilecity.vn/dien-thoai/xiaomi-12x-cu-snapdragon-870.html
153,https://mobilecity.vn/dien-thoai/xiaomi-redmi-14r-5g-snapdragon-gen-2.html
154,https://mobilecity.vn/dien-thoai/tecno-pova-6-neo-5g-dimensity-6300.html
155,https://mobilecity.vn/xiaomi/xiaomi-redmi-note-10-5g.html
156,https://mobilecity.vn/dien-thoai/realme-c67-5g-dimensity-6100-plus.html
157,https://mobilecity.vn/dien-thoai/tecno-pova-4-helio-g99.html
158,https://mobilecity.vn/dien-thoai/realme-14x-5g-dimensity-6300.html
159,https://mobilecity.vn/dien-thoai/motorola-moto-g54-china.html
160,https://mobilecity.vn/dien-thoai/tecno-spark-10-pro-moon-explorer-edition.html
161,https://mobilecity.vn/dien-thoai/google-pixel-4-xl-cu.html
162,https://mobilecity.vn/dien-thoai/vivo-iqoo-z9-cu-nguyen-zin.html
163,https://mobilecity.vn/dien-thoai/tecno-camon-30s-4g.html
164,https://mobilecity.vn/dien-thoai/vivo-iqoo-z10x-5g.html
165,https://mobilecity.vn/dien-thoai/tecno-spark-20-pro-plus-helio-g99-ultimate.html
166,https://mobilecity.vn/dien-thoai/realme-gt-neo-5-se-cu.html
167,https://mobilecity.vn/dien-thoai/realme-14-5g-gia-re.html
168,https://mobilecity.vn/dien-thoai/honor-play-8t-man-hinh-90hz.html
169,https://mobilecity.vn/dien-thoai/xiaomi-redmi-k50-pro-cu-camera-108mp.html
170,https://mobilecity.vn/dien-thoai/xiaomi-redmi-note-12-turbo-cu-snapdragon-7-gen-2.html
171,https://mobilecity.vn/dien-thoai/xiaomi-redmi-k50-extreme-edition-cu-snapdragon-8-gen-1.html
172,https://mobilecity.vn/dien-thoai/realme-c55-man-hinh-90hz.html
173,https://mobilecity.vn/dien-thoai/xiaomi-redmi-note-14-pro-cu-nguyen-zin-100.html
174,https://mobilecity.vn/dien-thoai/xiaomi-redmi-14.html
175,https://mobilecity.vn/dien-thoai/xiaomi-poco-m6-plus-5g.html
176,https://mobilecity.vn/dien-thoai/xiaomi-12-cu-snapdragon-8-gen-1.html
177,https://mobilecity.vn/dien-thoai/realme-c67-4g-camera-108mp.html
178,https://mobilecity.vn/dien-thoai/xiaomi-poco-x7-neo.html
179,https://mobilecity.vn/dien-thoai/xiaomi-redmi-note-14-4g.html
180,https://mobilecity.vn/kho-may-cu/xiaomi-redmi-k40-gaming-edition-cu.html
181,https://mobilecity.vn/dien-thoai/xiaomi-redmi-13-4g-chip-8-nhan.html
182,https://mobilecity.vn/dien-thoai/vivo-iqoo-z7x-pin-trau-sac-sieu-nhanh.html
183,https://mobilecity.vn/dien-thoai/samsung-galaxy-a15-helio-g99.html
184,https://mobilecity.vn/dien-thoai/xiaomi-poco-m6-4g-helio-g91-ultra.html
185,https://mobilecity.vn/dien-thoai/xiaomi-redmi-12-pin-5000mah.html
186,https://mobilecity.vn/dien-thoai/realme-c53-pin-5000mah.html
187,https://mobilecity.vn/dien-thoai/honor-play-50-plus-5g-dimensity-6020.html
188,https://mobilecity.vn/dien-thoai/realme-10s-5g-dimensity-810.html
189,https://mobilecity.vn/dien-thoai/tecno-pova-4-pro-pin-6000-mah.html
190,https://mobilecity.vn/dien-thoai/tecno-pova-3.html
191,https://mobilecity.vn/dien-thoai/xiaomi-redmi-13-5g-gia-re.html
192,https://mobilecity.vn/dien-thoai/vivo-y200t-5g-snapdragon-6-gen-1.html
193,https://mobilecity.vn/dien-thoai/realme-gt-master-edition-cu-5g.html
194,https://mobilecity.vn/dien-thoai/xiaomi-redmi-turbo-3-cu.html
195,https://mobilecity.vn/dien-thoai/realme-narzo-50.html
196,https://mobilecity.vn/dien-thoai/realme-12-5g-dimensity-6100-plus.html
197,https://mobilecity.vn/dien-thoai/xiaomi-12-pro-cu-gia-re.html
198,https://mobilecity.vn/dien-thoai/vivo-y78-5g-dimensity-7020.html
199,https://mobilecity.vn/dien-thoai/xiaomi-poco-m7-gia-re.html
200,https://mobilecity.vn/dien-thoai/realme-14-pro-lite.html
201,https://mobilecity.vn/xiaomi/xiaomi-black-shark-3-pro.html
202,https://mobilecity.vn/vivo/vivo-y21s.html
203,https://mobilecity.vn/dien-thoai/realme-p1-pro-5g-snapdragon-6-gen-1.html
204,https://mobilecity.vn/dien-thoai/realme-narzo-70-5g-dimensity-7050.html
205,https://mobilecity.vn/dien-thoai/tecno-pova-5-pro-dimensity-6080.html
206,https://mobilecity.vn/dien-thoai/tecno-camon-20-avocado-art-edition.html
207,https://mobilecity.vn/dien-thoai/vivo-y100-5g-snapdragon-695.html
208,https://mobilecity.vn/dien-thoai/xiaomi-redmi-k60-cu-man-2k.html
209,https://mobilecity.vn/dien-thoai/xiaomi-12s-cu-snapdragon-8-plus-gen-1.html
210,https://mobilecity.vn/dien-thoai/oppo-a76-chinh-hang-ips-lcd-90hz.html
211,https://mobilecity.vn/dien-thoai/vivo-iqoo-neo-8-cu-dep-99.html
212,https://mobilecity.vn/dien-thoai/xiaomi-poco-x6-neo-5g.html
213,https://mobilecity.vn/dien-thoai/motorola-moto-g-2023-man-hinh-120hz.html
214,https://mobilecity.vn/dien-thoai/realme-12x-5g-dimensity-6100-plus.html
215,https://mobilecity.vn/dien-thoai/realme-p1-5g-dimensity-7050.html
216,https://mobilecity.vn/dien-thoai/vivo-iqoo-z8x-5g-snapdragon-6-gen-1.html
217,https://mobilecity.vn/dien-thoai/tecno-spark-20-pro-5g-dimensity-6080.html
218,https://mobilecity.vn/dien-thoai/xiaomi-redmi-k70e-cu-gia-re.html
219,https://mobilecity.vn/dien-thoai/zte-nubia-neo-2-5g-unisoc-t820.html
220,https://mobilecity.vn/dien-thoai/xiaomi-redmi-note-13r-5g-snapdragon-4-gen-2-ep-xung.html
221,https://mobilecity.vn/dien-thoai/nothing-cmf-phone-1-5g-dimensity-7200.html
222,https://mobilecity.vn/dien-thoai/vivo-y77t-dimensity-7020.html
223,https://mobilecity.vn/dien-thoai/oppo-k11x-snapdragon-695.html
224,https://mobilecity.vn/dien-thoai/tecno-camon-20-helio-g85.html
225,https://mobilecity.vn/dien-thoai/realme-narzo-70-turbo-dimensity-7300-energy.html
226,https://mobilecity.vn/dien-thoai/xiaomi-redmi-k60e-dimensity-8200.html
227,https://mobilecity.vn/dien-thoai/xiaomi-poco-m6-pro-4g-man-hinh-120hz.html
228,https://mobilecity.vn/dien-thoai/realme-14-pro-5g-camera-dep.html
229,https://mobilecity.vn/dien-thoai/zte-nubia-neo-3-gaming-phone-sieu-re.html
230,https://mobilecity.vn/dien-thoai/realme-narzo-60-dimensity-6020.html
231,https://mobilecity.vn/dien-thoai/vivo-iqoo-z7-man-hinh-sac-net.html
232,https://mobilecity.vn/dien-thoai/realme-v60-pro-pin-5600mah.html
233,https://mobilecity.vn/dien-thoai/realme-13-pro-5g-ram8-12gb.html
234,https://mobilecity.vn/dien-thoai/vivo-y28s-5g-global.html
235,https://mobilecity.vn/dien-thoai/xiaomi-redmi-note-12s.html
236,https://mobilecity.vn/dien-thoai/xiaomi-12s-pro-cu-man-2k-sac-120w.html
237,https://mobilecity.vn/dien-thoai/xiaomi-redmi-note-12-turbo-edition.html
238,https://mobilecity.vn/dien-thoai/realme-13-5g.html
239,https://mobilecity.vn/dien-thoai/vivo-y100i-5g-bo-nho-cao.html
240,https://mobilecity.vn/dien-thoai/oppo-a60-sac-supervooc-45w.html
241,https://mobilecity.vn/dien-thoai/vivo-iqoo-z9s-5g.html
242,https://mobilecity.vn/dien-thoai/vivo-y78-plus-sac-44w.html
243,https://mobilecity.vn/dien-thoai/vivo-y35m-plus-5g.html
244,https://mobilecity.vn/dien-thoai/honor-x50i-plus-5g-camera-108mp.html
245,https://mobilecity.vn/dien-thoai/realme-12-pro-man-hinh-cong-gia-re.html
246,https://mobilecity.vn/dien-thoai/realme-9-4g.html
247,https://mobilecity.vn/dien-thoai/xiaomi-redmi-note-14-5g-quoc-te.html
248,https://mobilecity.vn/dien-thoai/tecno-camon-20-pro-helio-g99.html
249,https://mobilecity.vn/dien-thoai/realme-12-lite-snapdragon-685.html
250,https://mobilecity.vn/dien-thoai/xiaomi-redmi-note-12r-pro-snapdragon-4-gen-1.html
251,https://mobilecity.vn/dien-thoai/xiaomi-mi-11-ultra-cu-dep-gia-re.html
252,https://mobilecity.vn/dien-thoai/oppo-a96-chinh-hang-snapdragon-680.html
253,https://mobilecity.vn/dien-thoai/realme-gt-neo-5-lite-gia-re.html
254,https://mobilecity.vn/dien-thoai/xiaomi-redmi-k70e-gia-re.html
255,https://mobilecity.vn/dien-thoai/vivo-y200-gt-5g-pin-6000mah.html
256,https://mobilecity.vn/dien-thoai/oppo-a3-5g-snapdragon-695.html
257,https://mobilecity.vn/apple/iphone-xr-cu.html
258,https://mobilecity.vn/dien-thoai/xiaomi-redmi-note-12-pro-4g-chinh-hang-snapdragon-732g.html
259,https://mobilecity.vn/dien-thoai/tecno-pova-6-pro-pin-5g-sac-70w.html
260,https://mobilecity.vn/dien-thoai/vivo-y35-plus-dimensity-6020.html
261,https://mobilecity.vn/dien-thoai/realme-narzo-70-pro-5g-camera-sony-imx890.html
262,https://mobilecity.vn/dien-thoai/infinix-gt-10-pro-5g-dimensity-8050.html
263,https://mobilecity.vn/dien-thoai/redmi-k60-pro-cu-man-amoled-2k.html
264,https://mobilecity.vn/dien-thoai/vivo-y28-chinh-hang.html
265,https://mobilecity.vn/dien-thoai/vivo-iqoo-z9-turbo-cu.html
266,https://mobilecity.vn/dien-thoai/motorola-moto-g84-snapdragon-695.html
267,https://mobilecity.vn/dien-thoai/realme-p2-pro-5g-sac-sieu-nhanh-80w.html
268,https://mobilecity.vn/xiaomi/xiaomi-redmi-note-10-pro-5g-china.html
269,https://mobilecity.vn/dien-thoai/oneplus-nord-ce-3-lite-5g-snapdragon-695.html
270,https://mobilecity.vn/dien-thoai/xiaomi-redmi-k60-ultra-cu-99-9.html
271,https://mobilecity.vn/dien-thoai/unihertz-luna-camera-108mp.html
272,https://mobilecity.vn/dien-thoai/vivo-v40-lite-chinh-hang.html
273,https://mobilecity.vn/dien-thoai/oneplus-ace.html
274,https://mobilecity.vn/dien-thoai/realme-14-pro-plus-manh-me.html
275,https://mobilecity.vn/dien-thoai/realme-12-plus-5g-dimensity-7050.html
276,https://mobilecity.vn/dien-thoai/vivo-t3-5g-dimensity-7200.html
277,https://mobilecity.vn/dien-thoai/oppo-a2-pro-man-hinh-cong.html
278,https://mobilecity.vn/dien-thoai/xiaomi-redmi-note-14-pro-plus-cu.html
279,https://mobilecity.vn/bkav/bphone-a85-5g.html
280,https://mobilecity.vn/dien-thoai/vivo-iqoo-z8-5g-dimensity-8200.html
281,https://mobilecity.vn/dien-thoai/blu-bold-n3-dimensity-7050.html
282,https://mobilecity.vn/dien-thoai/xiaomi-redmi-k70-cu-dep-99.html
283,https://mobilecity.vn/dien-thoai/google-pixel-6a.html
284,https://mobilecity.vn/dien-thoai/vivo-y300-pro-5g-pin-6500mAh-sac-80W.html
285,https://mobilecity.vn/dien-thoai/vivo-y37-pro-5g-pin-6000-mah.html
286,https://mobilecity.vn/dien-thoai/oppo-k11-5g-snapdragon-782g.html
287,https://mobilecity.vn/dien-thoai/oppo-k12-5g-sieu-ben.html
288,https://mobilecity.vn/dien-thoai/xiaomi-redmi-k60.html
289,https://mobilecity.vn/dien-thoai/xiaomi-redmi-turbo-4-cuc-manh.html
290,https://mobilecity.vn/realme/realme-9-pro.html
291,https://mobilecity.vn/dien-thoai/vivo-y200-5g.html
292,https://mobilecity.vn/dien-thoai/oneplus-ace-2-cu-chip-sieu-manh.html
293,https://mobilecity.vn/dien-thoai/oppo-a1-pro-camera-108-mp.html
294,https://mobilecity.vn/dien-thoai/honor-x9a-5g-chinh-hang.html
295,https://mobilecity.vn/dien-thoai/realme-c75-chinh-hang-helio-g92-max.html
296,https://mobilecity.vn/dien-thoai/tecno-camon-20-premier-5g-dimensity-8050.html
297,https://mobilecity.vn/dien-thoai/oppo-a78-4g-snapdragon-680-chinh-hang.html
298,https://mobilecity.vn/dien-thoai/xiaomi-poco-x6-5g-cau-hinh-cao.html
299,https://mobilecity.vn/dien-thoai/oneplus-nord-ce-4-lite-5g-cau-hinh-cao.html
300,https://mobilecity.vn/dien-thoai/vivo-y78-t1-5g-dimensity-6020.html
301,https://mobilecity.vn/dien-thoai/vivo-y78m-t1-5g-pin-5000mah.html
302,https://mobilecity.vn/dien-thoai/vivo-v27e-helio-g99-sac-66w.html
303,https://mobilecity.vn/dien-thoai/xiaomi-redmi-note-13r-pro-gia-re.html
304,https://mobilecity.vn/dien-thoai/realme-13-plus-5g-dimensity-7300-energy.html
305,https://mobilecity.vn/dien-thoai/realme-narzo-60-pro-chinh-hang.html
306,https://mobilecity.vn/dien-thoai/oppo-a5-pro-sieu-ben.html
307,https://mobilecity.vn/dien-thoai/vivo-y100-chinh-hang-snapdragon-685.html
308,https://mobilecity.vn/dien-thoai/oppo-a3-pro-5g-khang-nuoc-ip69.html
309,https://mobilecity.vn/dien-thoai/realme-13-pro-plus-thiet-ke-sang-trong.html
310,https://mobilecity.vn/dien-thoai/vivo-s17e-dimensity-7200.html
311,https://mobilecity.vn/dien-thoai/oneplus-nord-n30-5g.html
312,https://mobilecity.vn/dien-thoai/realme-gt-neo-7-se-gia-re.html
313,https://mobilecity.vn/dien-thoai/xiaomi-redmi-turbo-4-pro-5g.html
314,https://mobilecity.vn/dien-thoai/xiaomi-redmi-note-13-pro-4g-helio-g99-ultra.html
315,https://mobilecity.vn/dien-thoai/oppo-reno8-t-man-oled-1-ty-mau.html
316,https://mobilecity.vn/dien-thoai/infinix-zero-30-man-hinh-amoled-144hz.html
317,https://mobilecity.vn/dien-thoai/vivo-v40-lite-idn.html
318,https://mobilecity.vn/dien-thoai/xiaomi-poco-x7-pro-5g.html
319,https://mobilecity.vn/dien-thoai/samsung-galaxy-c55-5g-sac-45w.html
320,https://mobilecity.vn/dien-thoai/vivo-iqoo-z7-pro-5g-sac-sieu-nhanh.html
321,https://mobilecity.vn/dien-thoai/xiaomi-13-cu-snap-8-gen-2.html
322,https://mobilecity.vn/dien-thoai/vivo-t2-pro-dimensity-7200.html
323,https://mobilecity.vn/dien-thoai/nothing-phone-3a-5g.html
324,https://mobilecity.vn/dien-thoai/oppo-reno8.html
325,https://mobilecity.vn/dien-thoai/realme-11-pro-plus.html
326,https://mobilecity.vn/dien-thoai/vivo-y78m-5g-chip-dimensity-7020.html
327,https://mobilecity.vn/dien-thoai/nothing-phone-2a-chip-manh.html
328,https://mobilecity.vn/dien-thoai/vivo-iqoo-z10-turbo-pin-7000mah.html
329,https://mobilecity.vn/dien-thoai/ulefone-armor-22-sieu-ben.html
330,https://mobilecity.vn/dien-thoai/infinix-note-30-vip-5g.html
331,https://mobilecity.vn/dien-thoai/google-pixel-6-pro.html
332,https://mobilecity.vn/dien-thoai/motorola-moto-g-stylus-5g-2023-ho-tro-stylus.html
333,https://mobilecity.vn/dien-thoai/vivo-iqoo-neo-9-cu-dep-99.html
334,https://mobilecity.vn/dien-thoai/vivo-s18e-5g-dimensity-7200.html
335,https://mobilecity.vn/dien-thoai/vivo-t2-russia-4g-helio-g99.html
336,https://mobilecity.vn/dien-thoai/xiaomi-poco-x4-gt.html
337,https://mobilecity.vn/dien-thoai/realme-13-pro-extreme-edition.html
338,https://mobilecity.vn/dien-thoai/vivo-t3-pro-5g-global.html
339,https://mobilecity.vn/dien-thoai/realme-neo7-sieu-manh.html
340,https://mobilecity.vn/dien-thoai/vivo-iqoo-z9s-pro-5g-quoc-te.html
341,https://mobilecity.vn/dien-thoai/xiaomi-poco-f5-5g.html
342,https://mobilecity.vn/dien-thoai/Tecno-phantom-x2-5g-camera-64mp-ois-pin-5160mah.html
343,https://mobilecity.vn/dien-thoai/oneplus-ace-5v-chip-manh.html
344,https://mobilecity.vn/dien-thoai/oneplus-nord-ce-2.html
345,https://mobilecity.vn/dien-thoai/xiaomi-redmi-k60-ultra-cau-hinh-sieu-cao.html
346,https://mobilecity.vn/oppo/oppo-reno6-z.html
347,https://mobilecity.vn/dien-thoai/honor-x8b-chinh-hang.html
348,https://mobilecity.vn/dien-thoai/infinix-note-30-vip-racing-edition.html
349,https://mobilecity.vn/dien-thoai/honor-gt-snapdragon-8-gen-3.html
350,https://mobilecity.vn/dien-thoai/oneplus-nord-ce-4-5g-snapdragon-7-gen-3.html
351,https://mobilecity.vn/dien-thoai/oneplus-nord-ce-3-snapdragon-782g.html
352,https://mobilecity.vn/dien-thoai/xiaomi-redmi-note-13-pro-plus-aape-trend-limited-edition.html
353,https://mobilecity.vn/dien-thoai/xiaomi-12s-ultra-cu-snapdragon-8-plus-gen-1.html
354,https://mobilecity.vn/dien-thoai/vivo-v29e-sac-nhanh-gia-re.html
355,https://mobilecity.vn/dien-thoai/infinix-gt-20-pro-5g-dimensity-8200-ultimate.html
356,https://mobilecity.vn/vivo/vivo-iqoo-neo-5se.html
357,https://mobilecity.vn/dien-thoai/realme-11-4g-chinh-hang.html
358,https://mobilecity.vn/dien-thoai/vivo-s18-5g-snapdragon-7-gen-3.html
359,https://mobilecity.vn/dien-thoai/sony-xperia-5-iii-5-mark-3-5g-pin-4500-mah.html
360,https://mobilecity.vn/dien-thoai/nothing-phone-3a-plus.html
361,https://mobilecity.vn/dien-thoai/xiaomi-poco-x6-pro-5g-man-hinh-oled.html
362,https://mobilecity.vn/dien-thoai/xiaomi-13-pro-cu-man-2k.html
363,https://mobilecity.vn/dien-thoai/vivo-s20-5g.html
364,https://mobilecity.vn/dien-thoai/xiaomi-civi-3-thiet-ke-dep.html
365,https://mobilecity.vn/dien-thoai/vivo-s17-snapdragon-778g-plus.html
366,https://mobilecity.vn/dien-thoai/xiaomi-redmi-note-12-discovery-edition.html
367,https://mobilecity.vn/dien-thoai/oppo-reno12-f-5g-dimensity-6300.html
368,https://mobilecity.vn/dien-thoai/xiaomi-poco-f7-5g.html
369,https://mobilecity.vn/dien-thoai/xiaomi-13t-cu-dgw-99-dimensity-8200-ultra.html
370,https://mobilecity.vn/dien-thoai/nothing-phone-2a-plus.html
371,https://mobilecity.vn/dien-thoai/honor-80-se-dimensity-1080.html
372,https://mobilecity.vn/dien-thoai/vivo-v29e-chinh-hang-dgw.html
373,https://mobilecity.vn/dien-thoai/vivo-v30e-5g-snapdragon-6-gen-1.html
374,https://mobilecity.vn/dien-thoai/vivo-v40e-5g-dimensity-7300.html
375,https://mobilecity.vn/dien-thoai/oppo-reno11-5g-dimensity-8200.html
376,https://mobilecity.vn/dien-thoai/tecno-phantom-x2-pro-5g-dimensity-9000.html
377,https://mobilecity.vn/dien-thoai/xiaomi-redmi-k70-pro-cu.html
378,https://mobilecity.vn/dien-thoai/xiaomi-redmi-k80-5g-manh-gia-re.html
379,https://mobilecity.vn/dien-thoai/vivo-s19-5g-pin-6000mah.html
380,https://mobilecity.vn/dien-thoai/oppo-reno11-f-5g-dimensity-7050.html
381,https://mobilecity.vn/dien-thoai/xiaomi-redmi-k60-pro.html
382,https://mobilecity.vn/dien-thoai/realme-12-pro-plus-thiet-ke-dep.html
383,https://mobilecity.vn/dien-thoai/oneplus-ace-3-chip-sieu-manh.html
384,https://mobilecity.vn/dien-thoai/oneplus-13r-pin-6500mah.html
385,https://mobilecity.vn/dien-thoai/vivo-iqoo-neo-10r-5g.html
386,https://mobilecity.vn/dien-thoai/motorola-edge-50-pro-snapdragon-7-gen-3.html
387,https://mobilecity.vn/dien-thoai/meizu-21-note-5g.html
388,https://mobilecity.vn/dien-thoai/oppo-reno9-snapdragon-778g.html
389,https://mobilecity.vn/dien-thoai/xiaomi-redmi-turbo-3-harry-potter-edition.html
390,https://mobilecity.vn/dien-thoai/vivo-v29-lite-snapdragon-695.html
391,https://mobilecity.vn/vivo/vivo-v27-dimensity-7200.html
392,https://mobilecity.vn/vivo/vivo-iqoo-neo-5s.html
393,https://mobilecity.vn/oppo/oppo-reno7.html
394,https://mobilecity.vn/dien-thoai/vivo-t3-ultra-5g-dimensity-9200-plus.html
395,https://mobilecity.vn/dien-thoai/realme-gt-6t-5g-do-sang-6000nit.html
396,https://mobilecity.vn/dien-thoai/honor-80.html
397,https://mobilecity.vn/dien-thoai/oppo-reno13-5g-ai-phone.html
398,https://mobilecity.vn/dien-thoai/oppo-reno12-ai-5g-dimensity-8250.html
399,https://mobilecity.vn/dien-thoai/xiaomi-poco-f6-5g-chinh-hang.html
400,https://mobilecity.vn/oppo/oppo-reno-6-5g.html
401,https://mobilecity.vn/dien-thoai/oneplus-ace-2-pro-sac-sieu-nhanh.html
402,https://mobilecity.vn/dien-thoai/vivo-iqoo-neo-7-pro-sac-120w.html
403,https://mobilecity.vn/dien-thoai/samsung-galaxy-m55-5g-chip-manh.html
404,https://mobilecity.vn/dien-thoai/oneplus-nord-4-hieu-nang-sieu-manh.html
405,https://mobilecity.vn/dien-thoai/vivo-iqoo-neo-8-pro.html
406,https://mobilecity.vn/dien-thoai/vivo-s17t-dimensity-8050.html
407,https://mobilecity.vn/dien-thoai/realme-gt-neo-5-pro-5g.html
408,https://mobilecity.vn/dien-thoai/ulefone-armor-24-pin-22000-mah.html
409,https://mobilecity.vn/dien-thoai/xiaomi-poco-f7-pro.html
410,https://mobilecity.vn/dien-thoai/oneplus-ace-5s-dimensity-9-series.html
411,https://mobilecity.vn/dien-thoai/xiaomi-14-cu-99-gia-sieu-re.html
412,https://mobilecity.vn/dien-thoai/sony-xperia-10-vi-5g-snapdragon-6-gen-1.html
413,https://mobilecity.vn/dien-thoai/vivo-s18-pro-5g-dimensity-9200-plus.html
414,https://mobilecity.vn/dien-thoai/samsung-galaxy-a35-chinh-hang-ip67.html
415,https://mobilecity.vn/dien-thoai/vivo-s17-pro-dimensity-8200.html
416,https://mobilecity.vn/dien-thoai/meizu-20-snapdragon-8-gen-2.html
417,https://mobilecity.vn/dien-thoai/xiaomi-civi-4-pro-5g-snapdragon-8s-gen-3.html
418,https://mobilecity.vn/dien-thoai/motorola-edge-40-neo-dimensity-1050.html
419,https://mobilecity.vn/dien-thoai/xiaomi-civi-5-pro-5g.html
420,https://mobilecity.vn/lenovo/lenovo-legion-y90.html
421,https://mobilecity.vn/dien-thoai/vivo-iqoo-11.html
422,https://mobilecity.vn/dien-thoai/meizu-20-classic-ram-16gb.html
423,https://mobilecity.vn/dien-thoai/vivo-v40-5g-snapdragon-7-gen-3.html
424,https://mobilecity.vn/dien-thoai/zte-nubia-z60s-pro-5g-cau-hinh-manh.html
425,https://mobilecity.vn/dien-thoai/moondrop-miad-01-5g-dimensity-7050.html
426,https://mobilecity.vn/dien-thoai/google-pixel-7a-tensor-g2.html
427,https://mobilecity.vn/dien-thoai/xiaomi-poco-f5-pro-5g-chip-manh.html
428,https://mobilecity.vn/dien-thoai/vivo-v30-5g-snapdragon-7-gen-3.html
429,https://mobilecity.vn/dien-thoai/xiaomi-civi-2s-chip-manh.html
430,https://mobilecity.vn/dien-thoai/honor-80-pro-plus.html
431,https://mobilecity.vn/dien-thoai/oneplus-11r-snapdragon-8-plus-gen-1.html
432,https://mobilecity.vn/dien-thoai/sony-xperia-10-v-snapdragon-695.html
433,https://mobilecity.vn/dien-thoai/oneplus-ace-3-pro-5g-hieu-nang-sieu-manh.html
434,https://mobilecity.vn/dien-thoai/vivo-s20-pro-5g-cau-hinh-cao.html
435,https://mobilecity.vn/dien-thoai/realme-gt5-pro-sieu-manh.html
436,https://mobilecity.vn/dien-thoai/asus-rog-phone-6-pro.html
437,https://mobilecity.vn/dien-thoai/oppo-reno10-pro-dinh-cao-camera.html
438,https://mobilecity.vn/dien-thoai/oneplus-nord-3-hieu-nang-manh.html
439,https://mobilecity.vn/dien-thoai/vivo-s19-pro-5g-pin-5500mah.html
440,https://mobilecity.vn/dien-thoai/meizu-21-thiet-ke-sieu-dep.html
441,https://mobilecity.vn/dien-thoai/vivo-v29-pro-dimensity-8200.html
442,https://mobilecity.vn/dien-thoai/oppo-reno11-pro-5g.html
443,https://mobilecity.vn/dien-thoai/oneplus-ace-3-genshin-impact.html
444,https://mobilecity.vn/dien-thoai/google-pixel-7.html
445,https://mobilecity.vn/dien-thoai/oppo-reno13-pro-5g.html
446,https://mobilecity.vn/dien-thoai/samsung-galaxy-m35-5g-pin-6000-mah.html
447,https://mobilecity.vn/dien-thoai/oppo-reno12-pro-ai-dimensity-9200-plus.html
448,https://mobilecity.vn/dien-thoai/motorola-edge-2023-man-hinh-cong.html
449,https://mobilecity.vn/dien-thoai/honor-80-pro.html
450,https://mobilecity.vn/oneplus/oneplus-9rt.html
451,https://mobilecity.vn/dien-thoai/oneplus-12r-hieu-nang-cao.html
452,https://mobilecity.vn/dien-thoai/vivo-iqoo-11s-sieu-manh.html
453,https://mobilecity.vn/dien-thoai/motorola-edge-40-pro-snapdragon-8-gen-2.html
454,https://mobilecity.vn/dien-thoai/vivo-v29-5g-snapdragon-778g.html
455,https://mobilecity.vn/dien-thoai/google-pixel-8a-5g-tensor-g3.html
456,https://mobilecity.vn/dien-thoai/xiaomi-poco-f6-pro.html
457,https://mobilecity.vn/dien-thoai/oppo-reno9-pro-dimensity-8100-max.html
458,https://mobilecity.vn/dien-thoai/samsung-galaxy-a55-chinh-hang.html
459,https://mobilecity.vn/dien-thoai/xiaomi-redmi-k80-pro-5g-snapdragon-8-gen-4.html
460,https://mobilecity.vn/dien-thoai/vivo-iqoo-12-snapdragon-8-gen-3.html
461,https://mobilecity.vn/dien-thoai/oppo-reno10-pro-plus.html
462,https://mobilecity.vn/dien-thoai/xiaomi-13-pro-sac-120w.html
463,https://mobilecity.vn/dien-thoai/zte-nubia-z60-ultra-leading-version.html
464,https://mobilecity.vn/dien-thoai/honor-200-5g-chinh-hang.html
465,https://mobilecity.vn/dien-thoai/vivo-x90-dimensity-9200.html
466,https://mobilecity.vn/dien-thoai/xiaomi-poco-f7-ultra.html
467,https://mobilecity.vn/dien-thoai/oppo-find-x8-mini-5g.html
468,https://mobilecity.vn/dien-thoai/vivo-x90s-dimensity-9200-plus.html
469,https://mobilecity.vn/dien-thoai/motorola-razr-40-snapdragon-7-gen-1.html
470,https://mobilecity.vn/dien-thoai/xiaomi-black-shark-6-chinh-hang.html
471,https://mobilecity.vn/dien-thoai/vivo-x100-5g-cau-hinh-manh.html
472,https://mobilecity.vn/dien-thoai/xiaomi-14-civi-5g-man-amoled-68-ty-mau.html
473,https://mobilecity.vn/dien-thoai/meizu-20-pro-sac-khong-day-50w.html
474,https://mobilecity.vn/dien-thoai/xiaomi-14-pro-cu-ngoai-hinh-dep-99.html
475,https://mobilecity.vn/dien-thoai/oppo-find-x7-5g-hieu-nang-sieu-manh.html
476,https://mobilecity.vn/dien-thoai/nothing-phone-2-gia-re.html
477,https://mobilecity.vn/dien-thoai/oppo-reno9-pro-plus-snapdragon-8-plus-gen-1.html
478,https://mobilecity.vn/dien-thoai/zte-nubia-z60-ultra-photographer-edition.html
479,https://mobilecity.vn/dien-thoai/zte-nubia-z60-ultra-cao-cap-hang-dau.html
480,https://mobilecity.vn/dien-thoai/oneplus-12-hieu-nang-sieu-manh.html
481,https://mobilecity.vn/dien-thoai/xiaomi-12s-ultra.html
482,https://mobilecity.vn/dien-thoai/vivo-v40-pro-5g-dimensity-9200-plus.html
483,https://mobilecity.vn/dien-thoai/oppo-find-x8-sac-sieu-nhanh.html
484,https://mobilecity.vn/dien-thoai/nothing-phone-3-man-oled.html
485,https://mobilecity.vn/dien-thoai/realme-gt3-sac-sieu-nhanh-240w.html
486,https://mobilecity.vn/dien-thoai/tecno-phantom-v-flip-5g.html
487,https://mobilecity.vn/dien-thoai/asus-rog-phone-8-gaming-phone-sieu-manh.html
488,https://mobilecity.vn/dien-thoai/oppo-find-x6-dimensity-9200.html
489,https://mobilecity.vn/dien-thoai/oneplus-10t.html
490,https://mobilecity.vn/dien-thoai/oneplus-13-5g.html
491,https://mobilecity.vn/dien-thoai/xiaomi-13t-pro-chinh-hang.html
492,https://mobilecity.vn/dien-thoai/zte-nubia-z70-ultra-5g.html
493,https://mobilecity.vn/dien-thoai/sony-xperia-1-iii-snapdragon-888.html
494,https://mobilecity.vn/xiaomi/xiaomi-mi-mix-4.html
495,https://mobilecity.vn/dien-thoai/vivo-iqoo-12-pro-5g.html
496,https://mobilecity.vn/dien-thoai/motorola-edge-plus-2023-man-oled-165hz.html
497,https://mobilecity.vn/dien-thoai/samsung-galaxy-s24-chinh-hang.html
498,https://mobilecity.vn/dien-thoai/samsung-galaxy-s24-fe-5g-chinh-hang.html
499,https://mobilecity.vn/dien-thoai/samsung-galaxy-z-flip-fe.html
500,https://mobilecity.vn/dien-thoai/may-choi-game-pc-asus-rog-ally.html
501,https://mobilecity.vn/dien-thoai/google-pixel-8-5g.html
502,https://mobilecity.vn/dien-thoai/zte-nubia-red-magic-9s-pro-ai-Snap-gen3-xung-cao.html
503,https://mobilecity.vn/dien-thoai/meizu-21-pro-5g.html
504,https://mobilecity.vn/dien-thoai/vivo-x100-pro-hieu-nang-sieu-manh.html
505,https://mobilecity.vn/dien-thoai/vivo-iqoo-11-pro.html
506,https://mobilecity.vn/oneplus/oneplus-10-pro.html
507,https://mobilecity.vn/dien-thoai/vivo-x90-pro-man-hinh-2k.html
508,https://mobilecity.vn/apple/iphone-13-chinh-hang-vn-a.html
509,https://mobilecity.vn/dien-thoai/vivo-x100s-pro-5g-dimensity-9300-plus.html
510,https://mobilecity.vn/vivo/vivo-iqoo-8-pro.html
511,https://mobilecity.vn/dien-thoai/iphone-16-cu-chinh-hang.html
512,https://mobilecity.vn/dien-thoai/unihertz-8849-tank-3-dimensity-8200.html
513,https://mobilecity.vn/dien-thoai/fairphone-5-man-hinh-oled-1-5k.html
514,https://mobilecity.vn/dien-thoai/zte-nubia-red-magic-9-pro-plus-5g-snapdragon-8-gen-3.html
515,https://mobilecity.vn/dien-thoai/motorola-razr-40-ultra-man-hinh-165hz.html
516,https://mobilecity.vn/dien-thoai/xiaomi-15-pro-5g-snapdragon-8-gen-4.html
517,https://mobilecity.vn/dien-thoai/samsung-galaxy-s24-plus-thiet-ke-dep.html
518,https://mobilecity.vn/dien-thoai/oppo-find-x8-pro-5g.html
519,https://mobilecity.vn/dien-thoai/zte-nubia-red-magic-10-ultra.html
520,https://mobilecity.vn/dien-thoai/google-pixel-7-pro.html
521,https://mobilecity.vn/dien-thoai/sony-xperia-5-iv.html
522,https://mobilecity.vn/dien-thoai/vivo-x-flip-pin-4400mah.html
523,https://mobilecity.vn/dien-thoai/sony-xperia-1-iv.html
524,https://mobilecity.vn/dien-thoai/asus-rog-phone-8-ultimate-5g.html
525,https://mobilecity.vn/dien-thoai/oppo-find-x6-pro.html
526,https://mobilecity.vn/dien-thoai/iphone-16-plus-cu-chinh-hang.html
527,https://mobilecity.vn/dien-thoai/motorola-thinkphone.html
528,https://mobilecity.vn/dien-thoai/google-pixel-9-man-oled-120hz.html
529,https://mobilecity.vn/dien-thoai/zte-nubia-red-magic-9s-pro-plus-5g-ai.html
530,https://mobilecity.vn/dien-thoai/asus-zenfone-10-gia-re.html
531,https://mobilecity.vn/dien-thoai/red-magic-8-pro-plus-transformers.html
532,https://mobilecity.vn/dien-thoai/samsung-galaxy-s24-ultra-cu-snapdragon-8-gen-3.html
533,https://mobilecity.vn/dien-thoai/oppo-find-x7-pro-5g.html
534,https://mobilecity.vn/dien-thoai/xiaomi-mix-flip-dien-thoai-gap.html
535,https://mobilecity.vn/dien-thoai/iphone-14.html
536,https://mobilecity.vn/dien-thoai/nubia-red-magic-10-pro-plus.html
537,https://mobilecity.vn/dien-thoai/nubia-red-magic-8s-pro-plus-bumblebee-edition.html
538,https://mobilecity.vn/dien-thoai/nio-phone-snapdragon-8-gen-2.html
539,https://mobilecity.vn/dien-thoai/iphone-16-pro-cu-chinh-hang.html
540,https://mobilecity.vn/dien-thoai/vivo-x90-pro-plus-snapdragon-8-gen-2.html
541,https://mobilecity.vn/dien-thoai/nubia-red-magic-9-pro-plus-bumblebee-transformers-edition.html
542,https://mobilecity.vn/dien-thoai/vivo-x100-ultra-5g-ket-noi-ve-tinh.html
543,https://mobilecity.vn/dien-thoai/samsung-galaxy-z-flip6-5G-chinh-hang.html
544,https://mobilecity.vn/dien-thoai/iphone-15-chinh-hang-nho-gon.html
545,https://mobilecity.vn/dien-thoai/iphone-16-chinh-hang-nho-gon.html
546,https://mobilecity.vn/dien-thoai/oppo-find-n3-flip-5g-chinh-hang.html
547,https://mobilecity.vn/dien-thoai/honor-magic-vs2-hai-man-hinh.html
548,https://mobilecity.vn/dien-thoai/xiaomi-14-ultra.html
549,https://mobilecity.vn/dien-thoai/google-pixel-8-pro-chip-tensor-3.html
550,https://mobilecity.vn/dien-thoai/vivo-x-fold-3-5g-dien-thoai-gap.html
551,https://mobilecity.vn/dien-thoai/iphone-14-pro.html
552,https://mobilecity.vn/dien-thoai/google-pixel-9-pro-5g.html
553,https://mobilecity.vn/dien-thoai/nothing-fold-1-sieu-dep.html
554,https://mobilecity.vn/dien-thoai/sony-xperia-5-v-snapdragon-8-gen-2.html
555,https://mobilecity.vn/dien-thoai/iphone-16-pro-max-cu-chinh-hang.html
556,https://mobilecity.vn/dien-thoai/asus-zenfone-11-ultra.html
557,https://mobilecity.vn/dien-thoai/iphone-15-plus-chinh-hang-man-hinh-rong.html
558,https://mobilecity.vn/dien-thoai/iphone-16-plus-chinh-hang-vn-a.html
559,https://mobilecity.vn/dien-thoai/oppo-find-x7-ultra-satellite-edition.html
560,https://mobilecity.vn/dien-thoai/samsung-galaxy-z-fold-5-sieu-sang-trong.html
561,https://mobilecity.vn/dien-thoai/google-pixel-9-pro-xl-chip-tensor-g4.html
562,https://mobilecity.vn/dien-thoai/asus-rog-phone-9-pro.html
563,https://mobilecity.vn/dien-thoai/honor-magic-vs-pin-trau-sac-66W.html
564,https://mobilecity.vn/dien-thoai/iphone-16-pro-chinh-hang-vn-a.html
565,https://mobilecity.vn/dien-thoai/iphone-15-pro-chinh-hang-vn-a.html
566,https://mobilecity.vn/dien-thoai/honor-magic-v2-snapdragon-8-gen-2-chinh-hang.html
567,https://mobilecity.vn/dien-thoai/vivo-x-fold-2-dien-thoai-gap.html
568,https://mobilecity.vn/dien-thoai/tesla-pi-phone.html
569,https://mobilecity.vn/dien-thoai/oppo-find-n5.html
570,https://mobilecity.vn/dien-thoai/xiaomi-mix-fold-3-cau-hinh-manh.html
571,https://mobilecity.vn/dien-thoai/xiaomi-mix-fold-4-snapdragon-8-gen-3.html
572,https://mobilecity.vn/dien-thoai/sony-xperia-1-v-snadragon-8-gen-2.html
573,https://mobilecity.vn/dien-thoai/asus-rog-phone-7-ultimate-dung-luong-pin-cao.html
574,https://mobilecity.vn/dien-thoai/oppo-find-n3-5g-dien-thoai-gap.html
575,https://mobilecity.vn/dien-thoai/vivo-x-fold-3-pro-5g.html
576,https://mobilecity.vn/dien-thoai/iphone-16-pro-max-chinh-hang.html
577,https://mobilecity.vn/dien-thoai/samsung-galaxy-z-fold6-5g.html
578,https://mobilecity.vn/dien-thoai/oneplus-open-fold-dien-thoai-gap.html
579,https://mobilecity.vn/dien-thoai/sony-xperia-1-vi-1-mark-6-5g.html
580,https://mobilecity.vn/dien-thoai/google-pixel-fold.html
581,https://mobilecity.vn/dien-thoai/google-pixel-9-pro-fold.html
582,https://mobilecity.vn/dien-thoai/samsung-galaxy-z-fold-special-edition.html
583,https://mobilecity.vn/apple/iphone-13-pro-chinh-hang-vn-a.html
584,https://mobilecity.vn/dien-thoai/oppo-find-x5-pro-chinh-hang.html
585,https://mobilecity.vn/dien-thoai/samsung-galaxy-m15-5g-dimensity-6100-plus.html
586,https://mobilecity.vn/blackview/sol-prime-t-1000.html
587,https://mobilecity.vn/dien-thoai/oneplus-ace-racing-edition.html
588,https://mobilecity.vn/kho-may-cu/oneplus-9r-cu.html
589,https://mobilecity.vn/kho-may-cu/oneplus-8t-cu.html
590,https://mobilecity.vn/dien-thoai/xiaomi-redmi-note-11t-pro-plus-astro-boy-edition.html
591,https://mobilecity.vn/google/google-pixel-4-cu.html
592,https://mobilecity.vn/dien-thoai/tecno-camon-30-premier-5g-dimensity-8200-ultimate.html
593,https://mobilecity.vn/dien-thoai/tecno-camon-30-5g-dimensity-7020.html
594,https://mobilecity.vn/dien-thoai/tecno-camon-30-4g-helio-g99-ultimate.html
595,https://mobilecity.vn/vivo/vivo-x70-5g.html
596,https://mobilecity.vn/vivo/vivo-y15a.html
597,https://mobilecity.vn/realme/realme-c21y.html
598,https://mobilecity.vn/asus/asus-rog-phone-2-ram-12gb-512gb.html
599,https://mobilecity.vn/realme/realme-c25y.html
600,https://mobilecity.vn/vivo/vivo-y12s.html
601,https://mobilecity.vn/vivo/vivo-y15s.html
602,https://mobilecity.vn/vivo/vivo-v23e.html
603,https://mobilecity.vn/oppo/oppo-a15.html
604,https://mobilecity.vn/dien-thoai/oneplus-nord-4-lite-5g-gia-re.html
605,https://mobilecity.vn/dien-thoai/oppo-a16-pin-5000mah.html
606,https://mobilecity.vn/dien-thoai/realme-q3-pro-cu.html
607,https://mobilecity.vn/oppo/oppo-find-x4-pro.html
608,https://mobilecity.vn/dien-thoai/asus-rog-phone-7d.html
609,https://mobilecity.vn/dien-thoai/vivo-y38-5g-snapdragon-4-gen-2.html
610,https://mobilecity.vn/lenovo/motorola-edge-s30.html
611,https://mobilecity.vn/dien-thoai/realme-gt-neo-6-pro-5g.html
612,https://mobilecity.vn/dien-thoai/vivo-y33s-5g-chinh-hang-pin-5000-mah.html
613,https://mobilecity.vn/360-mobile/360-n6.html
614,https://mobilecity.vn/360-mobile/360-n6-lite.html
615,https://mobilecity.vn/dien-thoai/xiaomi-black-shark-5s.html
616,https://mobilecity.vn/dien-thoai/iphone-13-mini-cu.html
617,https://mobilecity.vn/leeco/leeco-le-1s-x500-prd1926.html
618,https://mobilecity.vn/leeco/leeco-le-max-2-x820-prd1927.html
619,https://mobilecity.vn/dien-thoai/sony-xperia-10-snapdragon-630.html
620,https://mobilecity.vn/dien-thoai/realme-gt-3-cu-sac-150w-dimensity-8100.html
621,https://mobilecity.vn/xiaomi/sugar-a100.html
622,https://mobilecity.vn/leeco/leeco-le-pro-3-prd2094.html
623,https://mobilecity.vn/dien-thoai/nubia-red-magic-8-pro-plus-cu.html
624,https://mobilecity.vn/dien-thoai/xiaomi-black-shark-4-pro-man-144-hz-trigger.html
625,https://mobilecity.vn/dien-thoai/xiaomi-black-shark-4-cu.html
626,https://mobilecity.vn/vivo/vivo-iqoo-neo-855-racing-edition.html
627,https://mobilecity.vn/dien-thoai/lenovo-legion-pro-cu.html
628,https://mobilecity.vn/dien-thoai/nubia-red-magic-6s-pro-cu.html
629,https://mobilecity.vn/vivo/vivo-x50-5g.html
630,https://mobilecity.vn/dien-thoai/xiaomi-black-shark-4s-cu.html
631,https://mobilecity.vn/dien-thoai/xiaomi-poco-m5s.html
632,https://mobilecity.vn/lg/lg-v50s-thinq-cu.html
633,https://mobilecity.vn/dien-thoai/iphone-14-plus.html
634,https://mobilecity.vn/dien-thoai/realme-v15-5g-cu.html
635,https://mobilecity.vn/dien-thoai/oppo-reno10-gia-re.html
636,https://mobilecity.vn/dien-thoai/motorola-moto-g54-5g-man-hinh-120hz.html
637,https://mobilecity.vn/dien-thoai/vivo-t1x.html
638,https://mobilecity.vn/dien-thoai/oneplus-ace-5-5g-chip-snapdragon.html
639,https://mobilecity.vn/dien-thoai/samsung-galaxy-z-fold-2-cu.html
640,https://mobilecity.vn/dien-thoai/xiaomi-redmi-note-13-turbo-cau-hinh-sieu-manh.html
641,https://mobilecity.vn/dien-thoai/xiaomi-redmi-a1.html
642,https://mobilecity.vn/dien-thoai/vivo-x100-pro-plus.html
643,https://mobilecity.vn/dien-thoai/vivo-iqoo-neo-7-se.html
644,https://mobilecity.vn/xiaomi/xiaomi-mi-pad-4.html
645,https://mobilecity.vn/dien-thoai/xiaomi-redmi-11a.html
646,https://mobilecity.vn/dien-thoai/iphone-se-2023-se-4.html
647,https://mobilecity.vn/nokia/nokia-x6-cu.html
648,https://mobilecity.vn/dien-thoai/xiaomi-civi-4-5g-chip-manh.html
649,https://mobilecity.vn/dien-thoai/leica-leitz-phone-2.html
650,https://mobilecity.vn/dien-thoai/samsung-galaxy-s10-lite-cu.html
651,https://mobilecity.vn/kashi/kashi-i7.html
652,https://mobilecity.vn/dien-thoai/nubia-z50-pro-snapdragon-8-gen-2.html
653,https://mobilecity.vn/dien-thoai/zte-axon-50-se-camera-khung.html
654,https://mobilecity.vn/dien-thoai/zte-axon-50-pro-hieu-nang-cao.html
655,https://mobilecity.vn/dien-thoai/zte-axon-50-ultra-snapdragon-8-gen-2.html
656,https://mobilecity.vn/arbutus/arbutus-ar8-prd973.html
657,https://mobilecity.vn/nokia/nokia-x5-cu.html
658,https://mobilecity.vn/samsung/samsung-galaxy-note-8-han-quoc.html
659,https://mobilecity.vn/bkav/bphone-chinh-hang-prd677.html
660,https://mobilecity.vn/dien-thoai/oneplus-k11-5g-gia-re.html
661,https://mobilecity.vn/dien-thoai/vivo-y53s.html
662,https://mobilecity.vn/vsmart/vsmart-joy-1-plus.html
663,https://mobilecity.vn/vsmart/vsmart-joy-1-chinh-hang.html
664,https://mobilecity.vn/dien-thoai/tecno-phantom-v2-fold-dien-thoai-gap-re-nhat.html
665,https://mobilecity.vn/oppo/oppo-reno-5-chinh-hang.html
666,https://mobilecity.vn/dien-thoai/vivo-v27-pro-dimensity-8200.html
667,https://mobilecity.vn/philips/philips-xenium-w6610-chinh-hang-pin-5300-mah-prd523.html
668,https://mobilecity.vn/dien-thoai/asus-rog-phone-8-pro-5g-snapdragon-8-gen-3.html
669,https://mobilecity.vn/dien-thoai/realme-note-1-man-oled-120hz.html
670,https://mobilecity.vn/dien-thoai/realme-gt7-5g-hieu-nang-sieu-manh.html
671,https://mobilecity.vn/dien-thoai/xiaomi-su7-o-to-dien.html
672,https://mobilecity.vn/dien-thoai/vivo-iqoo-neo-9-racing-edition-5g.html
673,https://mobilecity.vn/dien-thoai/honor-90-pro-snapdragon-8-gen-1.html
674,https://mobilecity.vn/dien-thoai/honor-90-lite-mediatek-dimensity-6020.html
675,https://mobilecity.vn/dien-thoai/oppo-a17-chinh-hang-pin-5000mah.html
676,https://mobilecity.vn/dien-thoai/vivo-v19-snapdragon-712.html
677,https://mobilecity.vn/dien-thoai/oppo-a77s-chinh-hang-man-hinh-90hz.html
678,https://mobilecity.vn/dien-thoai/oppo-a12e-snapdragon-450.html
679,https://mobilecity.vn/dien-thoai/tecno-pova-6-neo-pin-7000mah.html
680,https://mobilecity.vn/dien-thoai/tecno-pova-6-pin-6000mah.html
681,https://mobilecity.vn/dien-thoai/tecno-camon-30-pro-5g-man-amoled-144hz.html
682,https://mobilecity.vn/dien-thoai/realme-c12-mediatek-mt6765g-helio-g35.html
683,https://mobilecity.vn/dien-thoai/oppo-find-x2-snapdragon-865-5g.html
684,https://mobilecity.vn/dien-thoai/oppo-a1k-mediatek-mt6762-helio-p22.html
685,https://mobilecity.vn/dien-thoai/may-choi-game-nintendo-switch-oled.html
686,https://mobilecity.vn/dien-thoai/vivo-y93-snapdragon-439.html
687,https://mobilecity.vn/dien-thoai/vivo-v25-dimensity-900.html
688,https://mobilecity.vn/dien-thoai/oppo-a5s-mediatek-mt6765-helio-p35.html
689,https://mobilecity.vn/dien-thoai/oppo-reno12-pro-5g-chinh-hang.html
690,https://mobilecity.vn/dien-thoai/xiaomi-14-pro-plus.html
691,https://mobilecity.vn/dien-thoai/vivo-iqoo-13-pro-5g-sieu-cao-cap.html
692,https://mobilecity.vn/dien-thoai/sony-xperia-10-ii-snapdragon-665.html
693,https://mobilecity.vn/dien-thoai/realme-11x-5g-dimensity-6100-plus.html
694,https://mobilecity.vn/dien-thoai/apple-watch-series-6-40mm-vien-nhom-cu.html
695,https://mobilecity.vn/dien-thoai/apple-watch-series-6-44mm-vien-nhom-cu.html
696,https://mobilecity.vn/dien-thoai/apple-watch-se-2020-40mm-vien-nhom-cu.html
697,https://mobilecity.vn/dien-thoai/apple-watch-se-2020-44mm-vien-nhom-cu.html
698,https://mobilecity.vn/dien-thoai/oppo-reno12-5g-chinh-hang-Dimensity-7300-energy.html
699,https://mobilecity.vn/dien-thoai/xiaomi-15-ultra-5g.html
700,https://mobilecity.vn/dien-thoai/oneplus-ace-5-pro-5g.html
701,https://mobilecity.vn/dien-thoai/tecno-camon-30s-pro-helio-g100.html
702,https://mobilecity.vn/dien-thoai/motorola-edge-30-ultra.html
703,https://mobilecity.vn/dien-thoai/xiaomi-poco-m7-pro-5g.html
704,https://mobilecity.vn/dien-thoai/xiaomi-poco-m7-5g.html
705,https://mobilecity.vn/dien-thoai/xiaomi-poco-x7-5g.html
706,https://mobilecity.vn/dien-thoai/samsung-galaxy-s25-ultra-chinh-hang.html
707,https://mobilecity.vn/dien-thoai/samsung-galaxy-s25-plus-chinh-hang.html
708,https://mobilecity.vn/dien-thoai/samsung-galaxy-s25-chinh-hang.html
709,https://mobilecity.vn/dien-thoai/samsung-galaxy-m55s-5g.html
710,https://mobilecity.vn/dien-thoai/oppo-find-n2-dien-thoai-gap-ram-12gb.html
711,https://mobilecity.vn/dien-thoai/tecno-spark-30-pro-helio-g100-tecno-ai.html
712,https://mobilecity.vn/dien-thoai/vivo-x200-ultra-snapdragon-8-gen-4.html
713,https://mobilecity.vn/dien-thoai/google-pixel-9a.html
714,https://mobilecity.vn/dien-thoai/xiaomi-redmi-note-14-pro-4g-gia-re.html
715,https://mobilecity.vn/dien-thoai/samsung-galaxy-a36-5g-chinh-hang.html
716,https://mobilecity.vn/dien-thoai/tecno-spark-go-2024-man-hinh-90hz.html
717,https://mobilecity.vn/dien-thoai/oppo-find-x8-ultra-5g.html
718,https://mobilecity.vn/dien-thoai/asus-zenfone-11-5G-cao-cap.html
719,https://mobilecity.vn/dien-thoai/samsung-galaxy-a03-core-chinh-hang.html
720,https://mobilecity.vn/dien-thoai/samsung-galaxy-a04-chinh-hang.html
721,https://mobilecity.vn/dien-thoai/samsung-galaxy-a04e-helio-p35.html
722,https://mobilecity.vn/dien-thoai/realme-c30.html
723,https://mobilecity.vn/kho-may-cu/xiaomi-redmi-note-9-pro-cu.html
724,https://mobilecity.vn/dien-thoai/tecno-spark-8c.html
725,https://mobilecity.vn/dien-thoai/samsung-galaxy-a13-4g-chinh-hang-exynos-850.html
726,https://mobilecity.vn/samsung/samsung-galaxy-m32.html
727,https://mobilecity.vn/dien-thoai/samsung-galaxy-a15-chinh-hang.html
728,https://mobilecity.vn/dien-thoai/samsung-galaxy-a14-5g-5000mAh.html
729,https://mobilecity.vn/dien-thoai/realme-q5i.html
730,https://mobilecity.vn/dien-thoai/samsung-galaxy-m54-chinh-hang.html
731,https://mobilecity.vn/dien-thoai/samsung-galaxy-m14-5g-exynos-1330.html
732,https://mobilecity.vn/xiaomi/xiaomi-black-shark-4s.html
733,https://mobilecity.vn/dien-thoai/samsung-galaxy-a33-5g-chinh-hang.html
734,https://mobilecity.vn/dien-thoai/samsung-galaxy-m34-5g-exynos-1280.html
735,https://mobilecity.vn/dien-thoai/samsung-galaxy-m44-5g-pin-6000mAh.html
736,https://mobilecity.vn/dien-thoai/samsung-galaxy-a54-5g-pin-5100.html
737,https://mobilecity.vn/dien-thoai/vivo-s15e.html
738,https://mobilecity.vn/motorola/motorola-moto-x4.html
739,https://mobilecity.vn/dien-thoai/oppo-k10.html
740,https://mobilecity.vn/dien-thoai/samsung-galaxy-a34-5g-pin-trau.html
741,https://mobilecity.vn/dien-thoai/realme-v25.html
742,https://mobilecity.vn/dien-thoai/honor-60-se.html
743,https://mobilecity.vn/dien-thoai/xiaomi-poco-f4.html
744,https://mobilecity.vn/dien-thoai/samsung-galaxy-f54-chinh-hang-exynos1380.html
745,https://mobilecity.vn/xiaomi/xiaomi-mi-cc9-meitu-edition.html
746,https://mobilecity.vn/dien-thoai/oppo-k10-pro.html
747,https://mobilecity.vn/dien-thoai/realme-9-pro-plus.html
748,https://mobilecity.vn/dien-thoai/asus-rog-phone-6d.html
749,https://mobilecity.vn/dien-thoai/nothing-phone-1.html
750,https://mobilecity.vn/xiaomi/xiaomi-civi.html
751,https://mobilecity.vn/dien-thoai/samsung-galaxy-a52s-5g-chinh-hang.html
752,https://mobilecity.vn/dien-thoai/vivo-iqoo-9-se.html
753,https://mobilecity.vn/lenovo/motorola-edge-x30.html
754,https://mobilecity.vn/samsung/samsung-galaxy-note-10-plus.html
755,https://mobilecity.vn/lenovo/lenovo-legion-pro.html
756,https://mobilecity.vn/dien-thoai/asus-rog-phone-6d-ultimate.html
757,https://mobilecity.vn/dien-thoai/oppo-reno8-pro-plus.html
758,https://mobilecity.vn/dien-thoai/vivo-iqoo-10.html
759,https://mobilecity.vn/dien-thoai/motorola-edge-30-pro.html
760,https://mobilecity.vn/dien-thoai/vivo-x80.html
761,https://mobilecity.vn/vivo/vivo-iqoo-9.html
762,https://mobilecity.vn/dien-thoai/samsung-galaxy-flip-5-chinh-hang.html
763,https://mobilecity.vn/dien-thoai/oppo-reno7-pro.html
764,https://mobilecity.vn/dien-thoai/realme-gt-2-pro-chinh-hang.html
765,https://mobilecity.vn/dien-thoai/asus-zenfone-9.html
766,https://mobilecity.vn/dien-thoai/oppo-find-x5.html
767,https://mobilecity.vn/dien-thoai/oppo-reno7-pro-chinh-hang.html
768,https://mobilecity.vn/vivo/Vivo-iqoo-9-pro.html
769,https://mobilecity.vn/dien-thoai/vivo-x80-pro.html
770,https://mobilecity.vn/dien-thoai/xiaomi-12-pro-chinh-hang.html
771,https://mobilecity.vn/oppo/oppo-find-x5-pro.html
772,https://mobilecity.vn/dien-thoai/honor-magic-4.html
773,https://mobilecity.vn/dien-thoai/honor-magic-4-pro.html
774,https://mobilecity.vn/dien-thoai/xiaomi-mix-fold-2.html
775,https://mobilecity.vn/dien-thoai/xiaomi-redmi-note-11t.html
776,https://mobilecity.vn/dien-thoai/vivo-s15.html
777,https://mobilecity.vn/dien-thoai/vivo-s15-pro.html
778,https://mobilecity.vn/apple/iphone-13-mini-chinh-hang-vn-a.html
779,https://mobilecity.vn/dien-thoai/iphone-14-max.html
780,https://mobilecity.vn/vivo/iqoo.html
781,https://mobilecity.vn/oppo/oppo-reno.html
782,https://mobilecity.vn/dien-thoai/realme-9-5g.html
783,https://mobilecity.vn/dien-thoai/oppo-a55.html
784,https://mobilecity.vn/dien-thoai/vivo-t2.html
785,https://mobilecity.vn/philips/philips-s308-dual-sim-cong-ty-prd610.html
786,https://mobilecity.vn/philips/philips-s388-dual-sim-cong-ty-prd611.html
787,https://mobilecity.vn/dien-thoai/vivo-t1-5g.html
788,https://mobilecity.vn/dien-thoai/vivo-t1x-4g.html
789,https://mobilecity.vn/dien-thoai/vivo-x70-pro.html
790,https://mobilecity.vn/nokia/nokia-n1-prd1917.html
791,https://mobilecity.vn/samsung/samsung-galaxy-m62.html
792,https://mobilecity.vn/samsung/samsung-galaxy-m02.html
793,https://mobilecity.vn/samsung/samsung-galaxy-m31.html
794,https://mobilecity.vn/dien-thoai/oneplus-10-ultra.html
795,https://mobilecity.vn/dien-thoai/realme-gt-2s-pro.html
796,https://mobilecity.vn/dien-thoai/vivo-iqoo-10-pro.html
797,https://mobilecity.vn/dien-thoai/oppo-find-x3-pro-5g-chinh-hang.html
798,https://mobilecity.vn/dien-thoai/realme-gt-neo-3-naruto-edtion.html
799,https://mobilecity.vn/dien-thoai/vivo-t2x.html
800,https://mobilecity.vn/dien-thoai/honor-70-pro-plus.html
801,https://mobilecity.vn/dien-thoai/honor-70-pro.html
802,https://mobilecity.vn/dien-thoai/honor-70.html
803,https://mobilecity.vn/dien-thoai/tecno-spark-9-pro.html
804,https://mobilecity.vn/dien-thoai/tecno-spark-9.html
805,https://mobilecity.vn/dien-thoai/oppo-reno8-lite-5g.html
806,https://mobilecity.vn/dien-thoai/vivo-x60-pro-5g-chinh-hang.html
807,https://mobilecity.vn/dien-thoai/samsung-galaxy-note-10-lite-chinh-hang.html
808,https://mobilecity.vn/dien-thoai/realme-v20-5g.html
809,https://mobilecity.vn/dien-thoai/vivo-x80-lite.html
810,https://mobilecity.vn/dien-thoai/xiaomi-redmi-k50i.html
811,https://mobilecity.vn/dien-thoai/xiaomi-redmi-k50i-pro.html
812,https://mobilecity.vn/dien-thoai/realme-q5x.html
813,https://mobilecity.vn/samsung/samsung-galaxy-a51-chinh-hang.html
814,https://mobilecity.vn/dien-thoai/tecno-camon-19-pro-5g.html
815,https://mobilecity.vn/dien-thoai/tecno-camon-19-neo.html
816,https://mobilecity.vn/dien-thoai/tecno-camon-19.html
817,https://mobilecity.vn/dien-thoai/iqoo-9t.html
818,https://mobilecity.vn/dien-thoai/xiaomi-black-shark-5s-pro.html
819,https://mobilecity.vn/realme/realme-gt-neo-2-dragon-ball-custom-edition.html
820,https://mobilecity.vn/samsung/samsung-galaxy-s21.html
821,https://mobilecity.vn/oppo/oppo-find-n.html
822,https://mobilecity.vn/dien-thoai/iphone-12-chinh-hang.html
823,https://mobilecity.vn/dien-thoai/nubia-red-magic-7s-pro-bumblebee-edition.html
824,https://mobilecity.vn/xiaomi/xiaomi-12-ultra.html
825,https://mobilecity.vn/dien-thoai/motorola-razr-2022.html
826,https://mobilecity.vn/dien-thoai/realme-q5-carnival-edition.html
827,https://mobilecity.vn/oneplus/oneplus-10rt.html
828,https://mobilecity.vn/dien-thoai/xiaomi-redmi-k60-gaming-edition.html
829,https://mobilecity.vn/dien-thoai/realme-narzo-60i.html
830,https://mobilecity.vn/dien-thoai/realme-narzo-60a.html
831,https://mobilecity.vn/dien-thoai/oppo-reno8-z.html
832,https://mobilecity.vn/dien-thoai/xiaomi-redmi-k50-ultra-mercedes-amg-edition.html
833,https://mobilecity.vn/dien-thoai/honor-magic-v.html
834,https://mobilecity.vn/dien-thoai/xiaomi-mix-5.html
835,https://mobilecity.vn/dien-thoai/vivo-iqoo-neo-7.html
836,https://mobilecity.vn/dien-thoai/vivo-iqoo-z6.html
837,https://mobilecity.vn/dien-thoai/vivo-iqoo-z6x.html
838,https://mobilecity.vn/dien-thoai/huawei-mate-50-rs.html
839,https://mobilecity.vn/dien-thoai/huawei-mate-50-pro.html
840,https://mobilecity.vn/dien-thoai/huawei-mate-50.html
841,https://mobilecity.vn/nokia/nokia-9.html
842,https://mobilecity.vn/dien-thoai/xiaomi-mi-11-lite-5g-cu.html
843,https://mobilecity.vn/nokia/nokia-3-cu.html
844,https://mobilecity.vn/dien-thoai/xiaomi-poco-x4-nfc.html
845,https://mobilecity.vn/dien-thoai/xiaomi-12-lite-chinh-hang.html
846,https://mobilecity.vn/htc/htc-u12.html
847,https://mobilecity.vn/dien-thoai/micromax-in-note-2.html
848,https://mobilecity.vn/dien-thoai/huawei-mate-xs-2.html
849,https://mobilecity.vn/dien-thoai/xiaomi-redmi-k20-pro-cu.html
850,https://mobilecity.vn/dien-thoai/motorola-moto-e22i.html
851,https://mobilecity.vn/dien-thoai/vivo-nex-5.html
852,https://mobilecity.vn/dien-thoai/motorola-moto-e22.html
853,https://mobilecity.vn/dien-thoai/vivo-s12.html
854,https://mobilecity.vn/dien-thoai/vivo-t1.html
855,https://mobilecity.vn/dien-thoai/vivo-s12-pro.html
856,https://mobilecity.vn/dien-thoai/oneplus-11-pro.html
857,https://mobilecity.vn/dien-thoai/vivo-x-fold-plus.html
858,https://mobilecity.vn/dien-thoai/xiaomi-redmi-note-11r.html
859,https://mobilecity.vn/dien-thoai/iphone-14-pro-lock.html
860,https://mobilecity.vn/vertu/vertu-signature-touch-prd807.html
861,https://mobilecity.vn/dien-thoai/iphone-14-pro-max-lock.html
862,https://mobilecity.vn/dien-thoai/iphone-14-plus-lock.html
863,https://mobilecity.vn/dien-thoai/iphone-14-lock.html
864,https://mobilecity.vn/dien-thoai/oppo-reno8-pro-5g-chinh-hang.html
865,https://mobilecity.vn/dien-thoai/samsung-galaxy-a25-5g-exynos-1280.html
866,https://mobilecity.vn/apple/iphone-12-mini.html
867,https://mobilecity.vn/nokia/nokia-8-1.html
868,https://mobilecity.vn/nokia/nokia-7.html
869,https://mobilecity.vn/dien-thoai/motorola-frontier.html
870,https://mobilecity.vn/dien-thoai/gionee-k10.html
871,https://mobilecity.vn/dien-thoai/samsung-galaxy-z-flip3-cu.html
872,https://mobilecity.vn/dien-thoai/tecno-pova-2.html
873,https://mobilecity.vn/dien-thoai/tecno-spark-7t.html
874,https://mobilecity.vn/dien-thoai/samsung-galaxy-a05s-snapdragon-680-4g.html
875,https://mobilecity.vn/dien-thoai/tecno-spark-7.html
876,https://mobilecity.vn/dien-thoai/samsung-galaxy-a05-chinh-hang-helio-g85.html
877,https://mobilecity.vn/dien-thoai/tecno-pop-5-lte.html
878,https://mobilecity.vn/dien-thoai/oneplus-10.html
879,https://mobilecity.vn/dien-thoai/xiaomi-redmi-note-11e.html
880,https://mobilecity.vn/dien-thoai/xiaomi-redmi-k50-pro-plus.html
881,https://mobilecity.vn/dien-thoai/iphone-se-2022.html
882,https://mobilecity.vn/htc/htc-u-ultra.html
883,https://mobilecity.vn/dien-thoai/realme-v21.html
884,https://mobilecity.vn/nokia/nokia-6.html
885,https://mobilecity.vn/dien-thoai/samsung-galaxy-a52-chinh-hang.html
886,https://mobilecity.vn/nokia/nokia-3310-2017.html
887,https://mobilecity.vn/dien-thoai/samsung-galaxy-a03-chinh-hang.html
888,https://mobilecity.vn/nokia/nokia-5.html
889,https://mobilecity.vn/dien-thoai/vivo-y72-5g-chinh-hang.html
890,https://mobilecity.vn/dien-thoai/samsung-galaxy-m23-5g-chinh-hang.html
891,https://mobilecity.vn/iphone-lock/iphone-xr-lock.html
892,https://mobilecity.vn/dien-thoai/samsung-galaxy-m33-5g-chinh-hang.html
893,https://mobilecity.vn/dien-thoai/oneplus-10t-pro.html
894,https://mobilecity.vn/dien-thoai/oneplus-10r.html
895,https://mobilecity.vn/dien-thoai/realme-8s-5g.html
896,https://mobilecity.vn/dien-thoai/xiaomi-redmi-note-11s-5g.html
897,https://mobilecity.vn/kho-may-cu/xiaomi-mi-mix-3-cu.html
898,https://mobilecity.vn/dien-thoai/vivo-x-note.html
899,https://mobilecity.vn/dien-thoai/samsung-galaxy-s22-fe.html
900,https://mobilecity.vn/dien-thoai/vivo-v23-5g.html
901,https://mobilecity.vn/dien-thoai/realme-gt-neo-3t.html
902,https://mobilecity.vn/dien-thoai/vivo-x-fold.html
903,https://mobilecity.vn/dien-thoai/xiaomi-poco-f4-pro.html
904,https://mobilecity.vn/xiaomi/xiaomi-mi-9-transparent-edition.html
905,https://mobilecity.vn/dien-thoai/samsung-galaxy-m53-5g.html
906,https://mobilecity.vn/dien-thoai/samsung-galaxy-z-flip-4.html
907,https://mobilecity.vn/dien-thoai/realme-v23.html
908,https://mobilecity.vn/dien-thoai/vivo-v21-5g.html
909,https://mobilecity.vn/dien-thoai/oppo-a95.html
910,https://mobilecity.vn/dien-thoai/realme-8-pro.html
911,https://mobilecity.vn/dien-thoai/oppo-reno-8-5g.html
912,https://mobilecity.vn/dien-thoai/oppo-reno8-pro.html
913,https://mobilecity.vn/dien-thoai/xiaomi-black-shark-5-pro-china-aerospace-edition.html
914,https://mobilecity.vn/dien-thoai/realme-q5-pro-plus.html
915,https://mobilecity.vn/dien-thoai/vivo-t1-pro.html
916,https://mobilecity.vn/dien-thoai/vivo-x80-pro-plus.html
917,https://mobilecity.vn/dien-thoai/xiaomi-redmi-k50s.html
918,https://mobilecity.vn/dien-thoai/xiaomi-redmi-k50s-pro.html
919,https://mobilecity.vn/dien-thoai/oneplus-ace-lite.html
920,https://mobilecity.vn/huawei/honor-9x-pro.html
921,https://mobilecity.vn/dien-thoai/samsung-galaxy-a50s-exynos-9611.html
922,https://mobilecity.vn/dien-thoai/samsung-galaxy-a21s-exynos-850.html
923,https://mobilecity.vn/dien-thoai/samsung-galaxy-a80-snapdragon-730.html
924,https://mobilecity.vn/dien-thoai/samsung-galaxy-a30s-exynos-7904.html
925,https://mobilecity.vn/dien-thoai/samsung-galaxy-a40-exynos-7904.html
926,https://mobilecity.vn/realme/realme-9i.html
927,https://mobilecity.vn/dien-thoai/realme-q5-pro-carnival.html
928,https://mobilecity.vn/dien-thoai/motorola-moto-x30-pro.html
929,https://mobilecity.vn/dien-thoai/oppo-k10x.html
930,https://mobilecity.vn/dien-thoai/samsung-galaxy-z-fold-4.html
931,https://mobilecity.vn/vsmart/vsmart-star-5.html
932,https://mobilecity.vn/vsmart/vsmart-joy-4.html
933,https://mobilecity.vn/dien-thoai/xiaomi-poco-m5-cu-helio-g99.html
934,https://mobilecity.vn/samsung/samsung-galaxy-a03s.html
935,https://mobilecity.vn/xiaomi/xiaomi-redmi-9a-chinh-hang.html
936,https://mobilecity.vn/lg/lg-g8-cu.html
937,https://mobilecity.vn/lg/lg-v40-cu.html
938,https://mobilecity.vn/vsmart/vsmart-active-3.html
939,https://mobilecity.vn/sony/sony-xperia-5-cu.html
940,https://mobilecity.vn/dien-thoai/realme-q5-5g-cu-snapdragon-695-5g-99.html
941,https://mobilecity.vn/samsung/samsung-galaxy-s7-cu-prd1031.html
942,https://mobilecity.vn/dien-thoai/xiaomi-poco-m5.html
943,https://mobilecity.vn/vivo/vivo-s1-pro.html
944,https://mobilecity.vn/dien-thoai/xiaomi-redmi-note-12-4g-cu-chinh-hang-dgw.html
945,https://mobilecity.vn/dien-thoai/xiaomi-redmi-12c-cu-dgw.html
946,https://mobilecity.vn/vsmart/vsmart-live-4.html
947,https://mobilecity.vn/realme/realme-narzo-50i.html
948,https://mobilecity.vn/dien-thoai/xiaomi-redmi-12-5g-global.html
949,https://mobilecity.vn/dien-thoai/google-pixel-4a-snapdragon-730g.html
950,https://mobilecity.vn/dien-thoai/realme-v50-dimensity-6100-plus.html
951,https://mobilecity.vn/dien-thoai/oppo-a2x-5g-dimensity-6020.html
952,https://mobilecity.vn/dien-thoai/xiaomi-redmi-10c-chinh-hang.html
953,https://mobilecity.vn/samsung/samsung-galaxy-s8-2-sim.html
954,https://mobilecity.vn/samsung/samsung-galaxy-a20s.html
955,https://mobilecity.vn/xiaomi/xiaomi-redmi-9c.html
956,https://mobilecity.vn/dien-thoai/xiaomi-redmi-note-11-cu-dgw-snap-680.html
957,https://mobilecity.vn/dien-thoai/oppo-a76-cu-man-90hz.html
958,https://mobilecity.vn/dien-thoai/xiaomi-redmi-10-5g-cu-dimensity-700.html
959,https://mobilecity.vn/dien-thoai/xiaomi-redmi-note-12-cu-snapdragon-4-gen-1.html
960,https://mobilecity.vn/dien-thoai/oppo-a78-cu-snapdragon-680.html
961,https://mobilecity.vn/dien-thoai/samsung-galaxy-a13-chinh-hang.html
962,https://mobilecity.vn/samsung/samsung-galaxy-s10e-cu.html
963,https://mobilecity.vn/sony/sony-xperia-1.html
964,https://mobilecity.vn/dien-thoai/sony-xperia-10-iii-10-mark-3-5g-oled-1-ty-mau.html
965,https://mobilecity.vn/dien-thoai/apple-watch-series-4-lte-40mm-cu.html
966,https://mobilecity.vn/dien-thoai/samsung-galaxy-a04s-chinh-hang.html
967,https://mobilecity.vn/samsung/samsung-galaxy-a90-5g.html
968,https://mobilecity.vn/dien-thoai/xiaomi-redmi-note-11-se-cu-dimensity-700-5g.html
969,https://mobilecity.vn/dien-thoai/xiaomi-redmi-note-13-cu-man-amoled-1ty-mau.html
970,https://mobilecity.vn/dien-thoai/xiaomi-redmi-note-10s-cu-dgw-dep-99.html
971,https://mobilecity.vn/dien-thoai/xiaomi-poco-c40.html
972,https://mobilecity.vn/huawei/honor-20s.html
973,https://mobilecity.vn/dien-thoai/google-pixel-4a-5g-snapdragon-765g-man-oled.html
974,https://mobilecity.vn/dien-thoai/xiaomi-black-shark-2-pro-cu-snapdragon-855-plus.html
975,https://mobilecity.vn/dien-thoai/apple-watch-series-4-lte-44mm-cu.html
976,https://mobilecity.vn/lg/lg-velvet-cu.html
977,https://mobilecity.vn/dien-thoai/realme-11-man-fullhd.html
978,https://mobilecity.vn/nokia/nokia-x6.html
979,https://mobilecity.vn/xiaomi/xiaomi-mi-10s.html
980,https://mobilecity.vn/dien-thoai/xiaomi-redmi-10-5g-chinh-hang.html
981,https://mobilecity.vn/xiaomi/xiaomi-redmi-note-8.html
982,https://mobilecity.vn/samsung/samsung-galaxy-s9-cu-fullbox.html
983,https://mobilecity.vn/lg/lg-v60-thinq-cu.html
984,https://mobilecity.vn/dien-thoai/xiaomi-redmi-note-12t-pro-cu-man-hinh-144hz.html
985,https://mobilecity.vn/dien-thoai/xiaomi-redmi-note-12.html
986,https://mobilecity.vn/samsung/samsung-galaxy-m12-chinh-hang.html
987,https://mobilecity.vn/samsung/samsung-galaxy-s9-2-sim.html
988,https://mobilecity.vn/dien-thoai/tecno-pova-5-lcd-120hz.html
989,https://mobilecity.vn/vsmart/vsmart-aris.html
990,https://mobilecity.vn/dien-thoai/xiaomi-redmi-note-12-pro-speed-edition-cu.html
991,https://mobilecity.vn/dien-thoai/xiaomi-redmi-note-11e-pro-cu-snapdragon-695.html
992,https://mobilecity.vn/dien-thoai/realme-q5-5g.html
993,https://mobilecity.vn/dien-thoai/realme-q3s-cu-snapdragon-778g-man-144hz.html
994,https://mobilecity.vn/vivo/vivo-s5.html
995,https://mobilecity.vn/dien-thoai/xiaomi-poco-m4-pro.html
996,https://mobilecity.vn/xiaomi/xiaomi-poco-m3.html
997,https://mobilecity.vn/apple/iphone-8-plus-cu.html
998,https://mobilecity.vn/xiaomi/black-shark-2-pro.html
999,https://mobilecity.vn/samsung/samsung-galaxy-note-9-cu.html
1000,https://mobilecity.vn/dien-thoai/realme-10-pro-plus-cu-gia-re.html
1001,https://mobilecity.vn/samsung/samsung-galaxy-s10-plus-cu.html
1002,https://mobilecity.vn/dien-thoai/xiaomi-redmi-note-11t-pro-plus.html
1003,https://mobilecity.vn/dien-thoai/google-pixel-5a-5g-snapdragon-765g.html
1004,https://mobilecity.vn/dien-thoai/google-pixel-5.html
1005,https://mobilecity.vn/dien-thoai/xiaomi-redmi-note-12-pro.html
1006,https://mobilecity.vn/xiaomi/xiaomi-redmi-note-10s.html
1007,https://mobilecity.vn/dien-thoai/xiaomi-redmi-note-11t-pro.html
1008,https://mobilecity.vn/xiaomi/xiaomi-redmi-note-10.html
1009,https://mobilecity.vn/xiaomi/xiaomi-redmi-note-8-pro.html
1010,https://mobilecity.vn/dien-thoai/xiaomi-redmi-note-11-se.html
1011,https://mobilecity.vn/dien-thoai/apple-watch-series-5-40mm-vien-nhom-cu.html
1012,https://mobilecity.vn/dien-thoai/realme-gt-neo-2-cu.html
1013,https://mobilecity.vn/dien-thoai/xiaomi-redmi-note-12t-pro-dimensity-8200-ultra.html
1014,https://mobilecity.vn/dien-thoai/realme-10.html
1015,https://mobilecity.vn/dien-thoai/realme-10-pro-china-camera-108-mp.html
1016,https://mobilecity.vn/samsung/samsung-galaxy-s10-cu.html
1017,https://mobilecity.vn/dien-thoai/sony-xperia-5-ii-5-mark-2-5g-man-hinh-oled-120hz.html
1018,https://mobilecity.vn/dien-thoai/xiaomi-redmi-k60e-cu-pin-5500mah.html
1019,https://mobilecity.vn/xiaomi/xiaomi-poco-m3-pro.html
1020,https://mobilecity.vn/dien-thoai/apple-watch-series-5-44mm-vien-nhom-cu.html
1021,https://mobilecity.vn/xiaomi/xiaomi-mi-8-se.html
1022,https://mobilecity.vn/samsung/samsung-galaxy-note-9-2-sim.html
1023,https://mobilecity.vn/samsung/samsung-galaxy-note-10-cu.html
1024,https://mobilecity.vn/dien-thoai/realme-gt-neo-2t-cu.html
1025,https://mobilecity.vn/dien-thoai/samsung-galaxy-s20-fe-cu.html
1026,https://mobilecity.vn/dien-thoai/xiaomi-redmi-note-12-pro-speed-edition-snapdragon-778g.html
1027,https://mobilecity.vn/samsung/samsung-galaxy-m22-chinh-hang.html
1028,https://mobilecity.vn/dien-thoai/samsung-galaxy-a23-chinh-hang.html
1029,https://mobilecity.vn/dien-thoai/xiaomi-redmi-note-11e-pro.html
1030,https://mobilecity.vn/samsung/samsung-galaxy-a22.html
1031,https://mobilecity.vn/dien-thoai/realme-q5-pro-cu.html
1032,https://mobilecity.vn/samsung/samsung-galaxy-s20-cu.html
1033,https://mobilecity.vn/dien-thoai/sony-xperia-10-iv-5g-snapdragon-695.html
1034,https://mobilecity.vn/dien-thoai/xiaomi-poco-m4-pro-5g.html
1035,https://mobilecity.vn/apple/iphone-xs-cu.html
1036,https://mobilecity.vn/xiaomi/xiaomi-redmi-k40.html
1037,https://mobilecity.vn/samsung/samsung-galaxy-a32-5g-chinh-hang.html
1038,https://mobilecity.vn/dien-thoai/realme-gt-neo-3-cu.html
1039,https://mobilecity.vn/xiaomi/xiaomi-black-shark-3.html
1040,https://mobilecity.vn/vsmart/vsmart-aris-pro.html
1041,https://mobilecity.vn/samsung/samsung-galaxy-note-8-cu.html
1042,https://mobilecity.vn/oppo/realme-q3s.html
1043,https://mobilecity.vn/samsung/samsung-galaxy-s20-plus-cu.html
1044,https://mobilecity.vn/xiaomi/xiaomi-black-shark-3s.html
1045,https://mobilecity.vn/oppo/realme-v15-5g.html
1046,https://mobilecity.vn/dien-thoai/realme-10-pro-plus-china-dimensity-1080.html
1047,https://mobilecity.vn/dien-thoai/realme-gt-neo-3-150w-cu-dimensity-8100.html
1048,https://mobilecity.vn/dien-thoai/redmi-note-12-pro-plus-cu-dimensity-1080.html
1049,https://mobilecity.vn/samsung/samsung-galaxy-note-8-2-sim.html
1050,https://mobilecity.vn/vivo/vivo-iqoo-neo.html
1051,https://mobilecity.vn/apple/iphone-x-cu.html
1052,https://mobilecity.vn/oppo/realme-gt-neo-2t.html
1053,https://mobilecity.vn/xiaomi/xiaomi-redmi-note-11-pro.html
1054,https://mobilecity.vn/samsung/samsung-galaxy-s10-5g.html
1055,https://mobilecity.vn/xiaomi/xiaomi-redmi-k50.html
1056,https://mobilecity.vn/vivo/vivo-iqoo-z1x.html
1057,https://mobilecity.vn/dien-thoai/xiaomi-redmi-note-11s.html
1058,https://mobilecity.vn/xiaomi/xiaomi-mi-pad-4-4g-lte.html
1059,https://mobilecity.vn/dien-thoai/zte-libero-flip-dien-thoai-gap-re-nhat.html
1060,https://mobilecity.vn/dien-thoai/sony-xperia-1-ii-5g-cu-snapdragon-865.html
1061,https://mobilecity.vn/dien-thoai/xiaomi-poco-x4-pro-5g.html
1062,https://mobilecity.vn/samsung/samsung-galaxy-note-20-cu.html
1063,https://mobilecity.vn/samsung/samsung-galaxy-m30s.html
1064,https://mobilecity.vn/dien-thoai/xiaomi-redmi-k40s.html
1065,https://mobilecity.vn/dien-thoai/xiaomi-poco-x5-5g-chinh-hang.html
1066,https://mobilecity.vn/samsung/samsung-galaxy-m51.html
1067,https://mobilecity.vn/samsung/samsung-galaxy-note-10-plus-2-sim.html
1068,https://mobilecity.vn/samsung/samsung-galaxy-note-10-plus-cu.html
1069,https://mobilecity.vn/dien-thoai/realme-gt-neo-5-cu-snapdragon-8-plus-gen-1.html
1070,https://mobilecity.vn/dien-thoai/realme-gt-neo-3.html
1071,https://mobilecity.vn/apple/iphone-se-2020-cu.html
1072,https://mobilecity.vn/xiaomi/xiaomi-mi-8.html
1073,https://mobilecity.vn/xiaomi/xiaomi-poco-x3-pro.html
1074,https://mobilecity.vn/dien-thoai/realme-gt-neo-5-se-5g-sac-sieu-nhanh.html
1075,https://mobilecity.vn/dien-thoai/google-pixel-6.html
1076,https://mobilecity.vn/vivo/vivo-iqoo-z3.html
1077,https://mobilecity.vn/dien-thoai/realme-gt-neo-3-sac-150w.html
1078,https://mobilecity.vn/oppo/realme-gt-neo-2.html
1079,https://mobilecity.vn/apple/iphone-11-cu.html
1080,https://mobilecity.vn/oppo/realme-q3-pro.html
1081,https://mobilecity.vn/xiaomi/xiaomi-mi-9-se.html
1082,https://mobilecity.vn/xiaomi/xiaomi-redmi-note-10-pro-2021.html
1083,https://mobilecity.vn/oppo/realme-q3-pro-carnival.html
1084,https://mobilecity.vn/dien-thoai/realme-11-pro-5g.html
1085,https://mobilecity.vn/dien-thoai/vivo-iqoo-neo-8-gia-re.html
1086,https://mobilecity.vn/dien-thoai/samsung-galaxy-s22-cu.html
1087,https://mobilecity.vn/dien-thoai/xiaomi-redmi-note-12-pro-plus.html
1088,https://mobilecity.vn/dien-thoai/nubia-red-magic-5s-cu.html
1089,https://mobilecity.vn/dien-thoai/realme-gt-2-pro-cu-hinh-thuc-dep-99.html
1090,https://mobilecity.vn/oppo/realme-gt-neo.html
1091,https://mobilecity.vn/samsung/samsung-galaxy-s20-ultra-cu.html
1092,https://mobilecity.vn/samsung/samsung-galaxy-m52.html
1093,https://mobilecity.vn/dien-thoai/xiaomi-redmi-k50-gaming-edition-cu.html
1094,https://mobilecity.vn/realme/realme-gt-2-pro.html
1095,https://mobilecity.vn/dien-thoai/xiaomi-redmi-note-13-pro-plus.html
1096,https://mobilecity.vn/xiaomi/xiaomi-redmi-k50-gaming-edition.html
1097,https://mobilecity.vn/oppo/realme-x7-pro.html
1098,https://mobilecity.vn/vivo/vivo-iqoo-z5.html
1099,https://mobilecity.vn/dien-thoai/xiaomi-black-shark-5-cu-man-144hz-sac-120w.html
1100,https://mobilecity.vn/dien-thoai/realme-gt-neo-5-pin-5000-mah-sac-150w.html
1101,https://mobilecity.vn/dien-thoai/lenovo-legion-y70.html
1102,https://mobilecity.vn/apple/iphone-12-cu.html
1103,https://mobilecity.vn/xiaomi/xiaomi-poco-f3.html
1104,https://mobilecity.vn/vivo/vivo-iqoo-neo-5-lite.html
1105,https://mobilecity.vn/oppo/realme-gt-neo-flash-edition.html
1106,https://mobilecity.vn/xiaomi/xiaomi-11-lite-5g-ne.html
1107,https://mobilecity.vn/xiaomi/xiaomi-mi-11-lite-youth-edition.html
1108,https://mobilecity.vn/dien-thoai/samsung-galaxy-s20-fe-chinh-hang.html
1109,https://mobilecity.vn/dien-thoai/xiaomi-black-shark-5-rs-cu-snapdragon-888-plus-sac-120W.html
1110,https://mobilecity.vn/oppo/realme-gt-master-edition.html
1111,https://mobilecity.vn/dien-thoai/xiaomi-poco-x5-Pro-5g.html
1112,https://mobilecity.vn/dien-thoai/xiaomi-civi-2.html
1113,https://mobilecity.vn/dien-thoai/red-magic-7-cu-snapdragon-8-gen1.html
1114,https://mobilecity.vn/dien-thoai/vivo-iqoo-neo-6-se.html
1115,https://mobilecity.vn/xiaomi/xiaomi-redmi-k50-pro.html
1116,https://mobilecity.vn/vivo/vivo-iqoo-neo-5.html
1117,https://mobilecity.vn/dien-thoai/vivo-iqoo-neo-6-cu-snapdragon-8-gen-1-camera-64mp-ois.html
1118,https://mobilecity.vn/oppo/oppo-reno-3-pro.html
1119,https://mobilecity.vn/dien-thoai/oneplus-ace-2v-dimensity-9000.html
1120,https://mobilecity.vn/oneplus/oneplus-7t.html
1121,https://mobilecity.vn/xiaomi/xiaomi-redmi-k30-ultra.html
1122,https://mobilecity.vn/xiaomi/xiaomi-mi-11-lite-5g-chinh-hang.html
1123,https://mobilecity.vn/dien-thoai/xiaomi-redmi-k50-ultra.html
1124,https://mobilecity.vn/dien-thoai/realme-gt-2-master-cu-pin-5000mah.html
1125,https://mobilecity.vn/dien-thoai/xiaomi-redmi-k50-extreme-edition.html
1126,https://mobilecity.vn/dien-thoai/samsung-galaxy-a53-5g.html
1127,https://mobilecity.vn/dien-thoai/xiaomi-black-shark-5-rs.html
1128,https://mobilecity.vn/dien-thoai/oppo-reno7-z-5g-chinh-hang.html
1129,https://mobilecity.vn/dien-thoai/xiaomi-12t-cu-dgw-dimensity-8100-ultra.html
1130,https://mobilecity.vn/dien-thoai/samsung-galaxy-z-flip-4-cu-snapdragon-8plus-gen-1.html
1131,https://mobilecity.vn/oppo/realme-gt-5g.html
1132,https://mobilecity.vn/xiaomi/xiaomi-11t.html
1133,https://mobilecity.vn/dien-thoai/samsung-galaxy-s23-cu-man-amoled-120hz.html
1134,https://mobilecity.vn/realme/realme-gt-2.html
1135,https://mobilecity.vn/xiaomi/xiaomi-redmi-k40-pro.html
1136,https://mobilecity.vn/dien-thoai/rog-phone-5s-cu-snapdragon-888-plus.html
1137,https://mobilecity.vn/kho-may-cu/asus-rog-phone-5-cu.html
1138,https://mobilecity.vn/dien-thoai/realme-gt-2-master-explorer-edition.html
1139,https://mobilecity.vn/samsung/samsung-galaxy-s21-fe.html
1140,https://mobilecity.vn/zte/nubia-red-magic-7.html
1141,https://mobilecity.vn/dien-thoai/redmi-note-12-turbo-harry-potter.html
1142,https://mobilecity.vn/apple/iphone-12-mini-cu.html
1143,https://mobilecity.vn/dien-thoai/vivo-iqoo-neo-6.html
1144,https://mobilecity.vn/dien-thoai/asus-rog-phone-6-cu-man-165hz-pin-6000-mah.html
1145,https://mobilecity.vn/dien-thoai/nubia-red-magic-7s-cu-snapdragon-8-plus-gen-1.html
1146,https://mobilecity.vn/xiaomi/xiaomi-redmi-k30-pro.html
1147,https://mobilecity.vn/xiaomi/xiaomi-black-shark-5.html
1148,https://mobilecity.vn/oneplus/oneplus-7-pro.html
1149,https://mobilecity.vn/dien-thoai/xiaomi-13-lite-snapdragon-7-gen-1.html
1150,https://mobilecity.vn/xiaomi/xiaomi-12.html
1151,https://mobilecity.vn/asus/asus-rog-phone-6.html
1152,https://mobilecity.vn/dien-thoai/oneplus-ace-pro-cu-5g-snapdragon-8-plus-gen-1.html
1153,https://mobilecity.vn/dien-thoai/xiaomi-poco-f4-gt-cu-snapdragon-8-gen-1.html
1154,https://mobilecity.vn/xiaomi/xiaomi-black-shark-helo.html
1155,https://mobilecity.vn/dien-thoai/realme-gt5-snapdragon-8-gen-2.html
1156,https://mobilecity.vn/dien-thoai/oneplus-ace-2-snapdragon-8-plus-gen-1.html
1157,https://mobilecity.vn/dien-thoai/samsung-galaxy-a73-5g-chinh-hang.html
1158,https://mobilecity.vn/oneplus/oneplus-9r.html
1159,https://mobilecity.vn/dien-thoai/realme-gt-neo-5-240w-snapdragon-8-gen-1.html
1160,https://mobilecity.vn/dien-thoai/xiaomi-12t.html
1161,https://mobilecity.vn/xiaomi/xiaomi-black-shark-4.html
1162,https://mobilecity.vn/dien-thoai/xiaomi-13t-chinh-hang-dimensity.html
1163,https://mobilecity.vn/dien-thoai/unihertz-8849-tank-2-cu-tich-hop-may-chieu-phim.html
1164,https://mobilecity.vn/oneplus/oneplus-8t.html
1165,https://mobilecity.vn/apple/iphone-11.html
1166,https://mobilecity.vn/dien-thoai/vivo-iqoo-neo-9-pro-5g.html
1167,https://mobilecity.vn/dien-thoai/zte-nubia-z50-man-hinh-144Hz.html
1168,https://mobilecity.vn/xiaomi/xiaomi-12-pro.html
1169,https://mobilecity.vn/dien-thoai/xiaomi-12-pro-dimensity-9000-plus.html
1170,https://mobilecity.vn/dien-thoai/oneplus-ace-pro.html
1171,https://mobilecity.vn/dien-thoai/xiaomi-poco-f4-gt.html
1172,https://mobilecity.vn/dien-thoai/xiaomi-14t-hieu-nang-sieu-manh.html
1173,https://mobilecity.vn/lenovo/lenovo-legion-2-pro.html
1174,https://mobilecity.vn/vivo/vivo-iqoo-pro.html
1175,https://mobilecity.vn/dien-thoai/unihertz-8849-tank-2-pin-15500mah.html
1176,https://mobilecity.vn/dien-thoai/red-magic-7-pro-transformers-cu-sac-135w.html
1177,https://mobilecity.vn/dien-thoai/samsung-galaxy-s24-cu-ngon-bo-re.html
1178,https://mobilecity.vn/asus/asus-rog-phone-3-strix.html
1179,https://mobilecity.vn/xiaomi/xiaomi-mi-11.html
1180,https://mobilecity.vn/vivo/vivo-iqoo-8.html
1181,https://mobilecity.vn/xiaomi/xiaomi-12x.html
1182,https://mobilecity.vn/dien-thoai/samsung-galaxy-s23-fe-gia-re.html
1183,https://mobilecity.vn/oneplus/oneplus-9.html
1184,https://mobilecity.vn/dien-thoai/xiaomi-12s-pro.html
1185,https://mobilecity.vn/dien-thoai/xiaomi-12s.html
1186,https://mobilecity.vn/dien-thoai/nubia-red-magic-7-pro-transformer.html
1187,https://mobilecity.vn/zte/nubia-red-magic-7-pro.html
1188,https://mobilecity.vn/asus/asus-rog-phone-3.html
1189,https://mobilecity.vn/xiaomi/xiaomi-11t-pro.html
1190,https://mobilecity.vn/dien-thoai/iphone-12-cpo.html
1191,https://mobilecity.vn/apple/iphone-12.html
1192,https://mobilecity.vn/dien-thoai/nubia-red-magic-7s.html
1193,https://mobilecity.vn/dien-thoai/iphone-13-pro-cu.html
1194,https://mobilecity.vn/dien-thoai/xiaomi-12t-pro-cu-dgw-snap-8-gen-1.html
1195,https://mobilecity.vn/asus/asus-rog-phone-2.html
1196,https://mobilecity.vn/vivo/vivo-iqoo-3.html
1197,https://mobilecity.vn/dien-thoai/nubia-red-magic-7s-pro.html
1198,https://mobilecity.vn/dien-thoai/nubia-red-magic-8-pro-cu.html
1199,https://mobilecity.vn/dien-thoai/iphone-14-cu.html
1200,https://mobilecity.vn/dien-thoai/oneplus-11-cu-gia-re.html
1201,https://mobilecity.vn/dien-thoai/nubia-red-magic-8s-pro-plus-5g-chip-xung-nhip-cao.html
1202,https://mobilecity.vn/dien-thoai/nubia-red-magic-8s-pro-5g.html
1203,https://mobilecity.vn/dien-thoai/xiaomi-14-snap-8-gen-2-android-13.html
1204,https://mobilecity.vn/dien-thoai/xiaomi-redmi-k50-gaming-mercedes-amg-edition.html
1205,https://mobilecity.vn/vivo/vivo-iqoo-7.html
1206,https://mobilecity.vn/dien-thoai/nubia-red-magic-8-pro-Snapdragon-8-gen-2.html
1207,https://mobilecity.vn/dien-thoai/xiaomi-12t-pro.html
1208,https://mobilecity.vn/dien-thoai/asus-rog-phone-7-cu-snapdragon-8-gen-2.html
1209,https://mobilecity.vn/dien-thoai/oneplus-11-snapdragon-8-gen-2.html
1210,https://mobilecity.vn/dien-thoai/nubia-z50-ultra-snapdragon-8-gen-2-amoled-1-ty-mau.html
1211,https://mobilecity.vn/oneplus/oneplus-7t-pro.html
1212,https://mobilecity.vn/vivo/vivo-iqoo-5.html
1213,https://mobilecity.vn/dien-thoai/xiaomi-14t-pro-5g.html
1214,https://mobilecity.vn/asus/asus-rog-phone-5.html
1215,https://mobilecity.vn/dien-thoai/nubia-red-magic-8-pro-plus-sac-165w.html
1216,https://mobilecity.vn/dien-thoai/asus-rog-phone-7-thiet-ke-dep.html
1217,https://mobilecity.vn/dien-thoai/samsung-galaxy-s23-chinh-hang.html
1218,https://mobilecity.vn/asus/asus-rog-phone-5s.html
1219,https://mobilecity.vn/dien-thoai/xiaomi-12-chinh-hang.html
1220,https://mobilecity.vn/dien-thoai/xiaomi-14-chinh-hang.html
1221,https://mobilecity.vn/dien-thoai/iphone-15-cu-dep-nhu-moi.html
1222,https://mobilecity.vn/samsung/samsung-galaxy-s22.html
1223,https://mobilecity.vn/dien-thoai/xiaomi-14-pro-xach-tay-snapdragon-8-gen-2.html
1224,https://mobilecity.vn/dien-thoai/samsung-galaxy-s23-plus-flagship.html
1225,https://mobilecity.vn/samsung/samsung-galaxy-s22-ultra.html
1226,https://mobilecity.vn/dien-thoai/samsung-galaxy-s23-ultra.html
1227,https://mobilecity.vn/dien-thoai/xiaomi-13-ultra-chua-te-camera.html
1228,https://mobilecity.vn/xiaomi/xiaomi-mi-mix-fold.html
1229,https://mobilecity.vn/apple/iphone-13-pro-max-chinh-hang-vn-a.html
1230,https://mobilecity.vn/dien-thoai/iphone-14-pro-max.html
1231,https://mobilecity.vn/dien-thoai/iphone-15-pro-max-chinh-hang.html
1232,https://mobilecity.vn/apple/iphone-12-pro-max.html
1233,https://mobilecity.vn/vsmart/vsmart-active-1-plus.html
1234,https://mobilecity.vn/samsung/samsung-galaxy-s8-cu-fullbox.html
1235,https://mobilecity.vn/samsung/samsung-galaxy-s9-plus-cu.html
1236,https://mobilecity.vn/samsung/samsung-galaxy-s9-plus-2-sim.html
1237,https://mobilecity.vn/samsung/samsung-galaxy-s22-plus.html
1238,https://mobilecity.vn/kho-may-cu/xiaomi-redmi-note-8-cu.html
1239,https://mobilecity.vn/vsmart/vsmart-star-3.html
1240,https://mobilecity.vn/vsmart/vsmart-joy-3.html
1241,https://mobilecity.vn/xiaomi/xiaomi-redmi-8a.html
1242,https://mobilecity.vn/vsmart/vsmart-star-4.html
1243,https://mobilecity.vn/xiaomi/xiaomi-redmi-8.html
1244,https://mobilecity.vn/oppo/realme-q2.html
1245,https://mobilecity.vn/xiaomi/xiaomi-redmi-9.html
1246,https://mobilecity.vn/nokia/nokia-x5.html
1247,https://mobilecity.vn/xiaomi/xiaomi-mi-8-youth-edition.html
1248,https://mobilecity.vn/xiaomi/xiaomi-redmi-note-7.html
1249,https://mobilecity.vn/oppo/realme-x-lite.html
1250,https://mobilecity.vn/xiaomi/mi-cc9e.html
1251,https://mobilecity.vn/vsmart/vsmart-live.html
1252,https://mobilecity.vn/xiaomi/xiaomi-redmi-note-9-4g.html
1253,https://mobilecity.vn/dien-thoai/samsung-galaxy-a10s-helio-p22.html
1254,https://mobilecity.vn/samsung/samsung-galaxy-a12.html
1255,https://mobilecity.vn/oppo/realme-3-pro.html
1256,https://mobilecity.vn/oppo/realme-q3-5g.html
1257,https://mobilecity.vn/oppo/realme-q.html
1258,https://mobilecity.vn/xiaomi/xiaomi-redmi-note-7-pro.html
1259,https://mobilecity.vn/xiaomi/xiaomi-redmi-10x.html
1260,https://mobilecity.vn/oppo/realme-q3i.html
1261,https://mobilecity.vn/xiaomi/xiaomi-redmi-10.html
1262,https://mobilecity.vn/oppo/realme-x.html
1263,https://mobilecity.vn/motorola/motorola-droid-turbo-2-cu.html
1264,https://mobilecity.vn/xiaomi/xiaomi-redmi-k20.html
1265,https://mobilecity.vn/xiaomi/xiaomi-redmi-k20-pro.html
1266,https://mobilecity.vn/xiaomi/xiaomi-redmi-k30.html
1267,https://mobilecity.vn/xiaomi/xiaomi-redmi-note-9-5g.html
1268,https://mobilecity.vn/oppo/realme-x2.html
1269,https://mobilecity.vn/xiaomi/xiaomi-mi-cc9.html
1270,https://mobilecity.vn/dien-thoai/nubia-neo-5g-gaming-phone-gia-re.html
1271,https://mobilecity.vn/xiaomi/xiaomi-redmi-k40-gaming-edition.html
1272,https://mobilecity.vn/xiaomi/xiaomi-redmi-10x-5g.html
1273,https://mobilecity.vn/xiaomi/xiaomi-poco-x3.html
1274,https://mobilecity.vn/dien-thoai/vivo-v19-chinh-hang-snapdragon-712.html
1275,https://mobilecity.vn/oppo/realme-x50t.html
1276,https://mobilecity.vn/xiaomi/xiaomi-redmi-note-8-pro-chinh-hang-dgw.html
1277,https://mobilecity.vn/xiaomi/xiaomi-redmi-k30i-5g.html
1278,https://mobilecity.vn/nokia/nokia-7-plus.html
1279,https://mobilecity.vn/oppo/realme-q2-pro.html
1280,https://mobilecity.vn/xiaomi/xiaomi-redmi-k30-5g.html
1281,https://mobilecity.vn/oppo/realme-x50m.html
1282,https://mobilecity.vn/oppo/realme-x7.html
1283,https://mobilecity.vn/xiaomi/xiaomi-redmi-note-9-pro-5g.html
1284,https://mobilecity.vn/nokia/nokia-x7.html
1285,https://mobilecity.vn/oppo/realme-x50.html
1286,https://mobilecity.vn/blackview/blackview-bv7000-pro.html
1287,https://mobilecity.vn/xiaomi/xiaomi-mi-10-lite.html
1288,https://mobilecity.vn/xiaomi/xiaomi-redmi-note-9-pro.html
1289,https://mobilecity.vn/zte/nubia-red-magic-5g.html
1290,https://mobilecity.vn/xiaomi/xiaomi-redmi-k30-5g-racing-edition.html
1291,https://mobilecity.vn/xiaomi/xiaomi-mi-8-pro.html
1292,https://mobilecity.vn/xiaomi/xiaomi-12-lite.html
1293,https://mobilecity.vn/vivo/vivo-iqoo-neo-855.html
1294,https://mobilecity.vn/oppo/realme-6.html
1295,https://mobilecity.vn/oppo/realme-6-pro.html
1296,https://mobilecity.vn/xiaomi/xiaomi-mi-9t.html
1297,https://mobilecity.vn/xiaomi/xiaomi-mi-mix-3.html
1298,https://mobilecity.vn/zte/nubia-red-magic-5s.html
1299,https://mobilecity.vn/zte/nubia-red-magic-6.html
1300,https://mobilecity.vn/xiaomi/xiaomi-poco-x3-gt.html
1301,https://mobilecity.vn/dien-thoai/oppo-a97-dimensity-810.html
1302,https://mobilecity.vn/vivo/vivo-iqoo-neo-3.html
1303,https://mobilecity.vn/xiaomi/xiaomi-redmi-10x-pro-5g.html
1304,https://mobilecity.vn/xiaomi/xiaomi-mi-9.html
1305,https://mobilecity.vn/zte/nubia-red-magic-6r.html
1306,https://mobilecity.vn/dien-thoai/vivo-v11-snapdragon-660.html
1307,https://mobilecity.vn/zte/nubia-red-magic-6s-pro.html
1308,https://mobilecity.vn/xiaomi/xiaomi-mi-cc9-pro.html
1309,https://mobilecity.vn/xiaomi/xiaomi-redmi-k30s.html
1310,https://mobilecity.vn/vivo/vivo-s9.html
1311,https://mobilecity.vn/xiaomi/xiaomi-poco-f3-gt.html
1312,https://mobilecity.vn/dien-thoai/xiaomi-civi-1s.html
1313,https://mobilecity.vn/xiaomi/xiaomi-redmi-k20-pro-premium-edition.html
1314,https://mobilecity.vn/oppo/oppo-reno-2.html
1315,https://mobilecity.vn/xiaomi/xiaomi-mi-9-pro.html
1316,https://mobilecity.vn/xiaomi/xiaomi-mi-10.html
1317,https://mobilecity.vn/oppo/realme-x50-pro.html
1318,https://mobilecity.vn/dien-thoai/zte-nubia-z50s-pro-man-hinh-144hz.html
1319,https://mobilecity.vn/xiaomi/xiaomi-redmi-k30-pro-zoom.html
1320,https://mobilecity.vn/dien-thoai/xiaomi-black-shark-5-china-aerospace-edition.html
1321,https://mobilecity.vn/dien-thoai/nubia-red-magic-8-man-hinh-165hz.html
1322,https://mobilecity.vn/dien-thoai/samsung-galaxy-a82-snapdragon-855.html
1323,https://mobilecity.vn/oneplus/oneplus-8-pro.html
1324,https://mobilecity.vn/xiaomi/xiaomi-black-shark-5-pro.html
1325,https://mobilecity.vn/xiaomi/xiaomi-black-shark-4s-pro.html
1326,https://mobilecity.vn/xiaomi/xiaomi-mi-10-ultra.html
1327,https://mobilecity.vn/xiaomi/xiaomi-play.html
1328,https://mobilecity.vn/dien-thoai/samsung-galaxy-s21-ultra.html
1329,https://mobilecity.vn/sky/sky-a900-chinh-hang-prd612.html
1330,https://mobilecity.vn/kho-may-cu/oneplus-8-cu.html
1331,https://mobilecity.vn/sky/sky-a870-new-prd126.html
1332,https://mobilecity.vn/pepsi/pepsi-p1s-prd1828.html
1333,https://mobilecity.vn/dien-thoai/oppo-a16k.html
1334,https://mobilecity.vn/sky/sky-im-100-prd1859.html
1335,https://mobilecity.vn/oppo/realme-x2-pro-master-edition.html
1336,https://mobilecity.vn/oppo/realme-5i.html
1337,https://mobilecity.vn/sky/sky-a910-vega-iron-2-prd157.html
1338,https://mobilecity.vn/sky/sky-a880-prd159.html
1339,https://mobilecity.vn/sky/sky-a900-prd160.html
1340,https://mobilecity.vn/sky/sky-a890-prd162.html
1341,https://mobilecity.vn/freetel/freetel-musashi-prd2141.html
1342,https://mobilecity.vn/nokia/nokia-515-prd224.html
1343,https://mobilecity.vn/xiaomi/xiaomi-mi-10t-5g.html
1344,https://mobilecity.vn/xiaomi/xiaomi-mi-8-ee.html
1345,https://mobilecity.vn/htc/htc-one-m9-cu-prd835.html
1346,https://mobilecity.vn/htc/htc-j-butterfly-3-htv31-prd929.html
1347,https://mobilecity.vn/sky/sky-a870-cu-prd918.html
1348,https://mobilecity.vn/htc/htc-one-m7-prd310.html
1349,https://mobilecity.vn/htc/htc-u-play.html
1350,https://mobilecity.vn/arbutus/arbutus-ar6-plus-prd974.html
1351,https://mobilecity.vn/arbutus/arbutus-ar5-prd975.html
1352,https://mobilecity.vn/arbutus/arbutus-ar1-prd976.html
1353,https://mobilecity.vn/motorola/motorola-droid-turbo-cu.html
1354,https://mobilecity.vn/htc/htc-10-cu.html
1355,https://mobilecity.vn/blackberry/blackberry-9930-moi-100.html
1356,https://mobilecity.vn/360-mobile/360-n5.html
1357,https://mobilecity.vn/xiaomi/xiaomi-redmi-note-7-4gb-64gb.html
1358,https://mobilecity.vn/oppo/realme-gt-master-explorer-edition.html
1359,https://mobilecity.vn/arbutus/arbutus-ar2-prd1067.html
1360,https://mobilecity.vn/sky/sky-a900-dep-99-prd517.html
1361,https://mobilecity.vn/arbutus/arbutus-ar3-prd1068.html
1362,https://mobilecity.vn/arbutus/arbutus-ar8-plus-prd1069.html
1363,https://mobilecity.vn/htc/htc-one-m9-prd543.html
1364,https://mobilecity.vn/blackview/blackview-bv6000.html
1365,https://mobilecity.vn/360-mobile/360-n5s.html
1366,https://mobilecity.vn/sky/sky-a870-vega-iron-chinh-hang-prd534.html
1367,https://mobilecity.vn/sky/sky-a910-vega-iron-2-chinh-hang-prd535.html
1368,https://mobilecity.vn/blackberry/blackberry-porsche-design-p-9982-prd1104.html
1369,https://mobilecity.vn/dien-thoai/oppo-a3s-snapdragon-450.html
1370,https://mobilecity.vn/dien-thoai/samsung-galaxy-a02s-snapdragon-450.html
1371,https://mobilecity.vn/samsung/samsung-galaxy-s8-plus-2-sim.html
1372,https://mobilecity.vn/dien-thoai/vivo-v15-chinh-hang-helio-p70.html
1373,https://mobilecity.vn/dien-thoai/vivo-y30-media-tek-helio-p35-chinh-hang.html
1374,https://mobilecity.vn/dien-thoai/dien-thoai-realme-c15-pin6000mah-chinh-hang.html
1375,https://mobilecity.vn/dien-thoai/realme-c25s-helio-g85-pin-6000mah-chinh-hang.html
1376,https://mobilecity.vn/dien-thoai/dien-thoai-oppo-a94-chinh-hang-helio-95-sac-33w.html
1377,https://mobilecity.vn/htc/htc-one-a9-prd881.html
1378,https://mobilecity.vn/dien-thoai/oppo-a92s-man-hinh-120hz.html
1379,https://mobilecity.vn/dien-thoai/oppo-a93-chinh-hang-helio-p95.html
1380,https://mobilecity.vn/dien-thoai/oppo-a33-pin-5000mah--chinh-hang.html
1381,https://mobilecity.vn/dien-thoai/vivo-y17-chinh-hang-pin-5000mah-18w.html
1382,https://mobilecity.vn/samsung/samsung-galaxy-s8-plus-cu.html
1383,https://mobilecity.vn/xiaomi/xiaomi-redmi-7a.html
1384,https://mobilecity.vn/xiaomi/xiaomi-redmi-7.html
1385,https://mobilecity.vn/xiaomi/xiaomi-redmi-7-ram-3gb-32gb.html
1386,https://mobilecity.vn/leeco/leeco-le-2-x620-prd1928.html
1387,https://mobilecity.vn/leeco/leeco-le-2-pro-prd1304.html
1388,https://mobilecity.vn/meizu/meizu-pro-7-1.html
1389,https://mobilecity.vn/oppo/realme-q2i.html
1390,https://mobilecity.vn/oppo/realme-v3.html
1391,https://mobilecity.vn/huawei/huawei-gr5-2017.html
1392,https://mobilecity.vn/iphone-lock/iphone-7-plus-lock-nhat-ban-prd2098.html
1393,https://mobilecity.vn/vivo/vivo-iqoo-u1.html
1394,https://mobilecity.vn/meizu/meizu-pro-7-plus.html
1395,https://mobilecity.vn/meiigoo/meiigoo-m30.html
1396,https://mobilecity.vn/oppo/realme-v11.html
1397,https://mobilecity.vn/huawei/honor-9x.html
1398,https://mobilecity.vn/oppo/realme-v5.html
1399,https://mobilecity.vn/huawei/huawei-nova-2i-cu.html
1400,https://mobilecity.vn/huawei/huawei-nova-2i.html
1401,https://mobilecity.vn/vivo/vivo-iqoo-z1.html
1402,https://mobilecity.vn/huawei/huawei-nova-5i.html
1403,https://mobilecity.vn/oppo/realme-x2-pro.html
1404,https://mobilecity.vn/oneplus/oneplus-8.html
1405,https://mobilecity.vn/smartisan/smartisan-nut-pro-3.html
1406,https://mobilecity.vn/oneplus/oneplus-7.html
1407,https://mobilecity.vn/huawei/huawei-nova-5-pro.html
1408,https://mobilecity.vn/xiaomi/xiaomi-mi-10-pro.html
1409,https://mobilecity.vn/huawei/huawei-mate-20x.html
1410,https://mobilecity.vn/nokia/nokia-8.html
1411,https://mobilecity.vn/blackberry/blackberry-q10-chinh-hang-prd236.html
1412,https://mobilecity.vn/iphone-lock/iphone-8-plus-lock.html
1413,https://mobilecity.vn/iphone-lock/iphone-x-lock-nhat-my-fullbox.html
1414,https://mobilecity.vn/iphone-lock/iphone-5c-lock-nhat-ban-prd620.html
1415,https://mobilecity.vn/blackberry/blackberry-priv-prd1821.html
1416,https://mobilecity.vn/iphone-lock/iphone-5-lock-nhat-ban-prd631.html
1417,https://mobilecity.vn/iphone-lock/iphone-5s-lock-nhat-ban-prd635.html
1418,https://mobilecity.vn/blackberry/blackberry-z3-chinh-hang-prd211.html
1419,https://mobilecity.vn/huawei/huawei-honor-8-prd1861.html
1420,https://mobilecity.vn/blackberry/blackberry-z30-prd313.html
1421,https://mobilecity.vn/huawei/honor-4c-prd735.html
1422,https://mobilecity.vn/huawei/honor-6-prd737.html
1423,https://mobilecity.vn/huawei/huawei-x3-prd760.html
1424,https://mobilecity.vn/blackberry/blackberry-passport-ban-phap-prd2115.html
1425,https://mobilecity.vn/dien-thoai/xiaomi-mi-9-cu.html
1426,https://mobilecity.vn/huawei/huawei-p9-prd2142.html
1427,https://mobilecity.vn/huawei/huawei-gr5.html
1428,https://mobilecity.vn/blackberry/blackberry-passport-ban-quoc-te-prd2151.html
1429,https://mobilecity.vn/blackberry/blackberry-z10-prd213.html
1430,https://mobilecity.vn/blackberry/blackberry-passport-silver-edition-prd2155.html
1431,https://mobilecity.vn/huawei/huawei-p20-lite.html
1432,https://mobilecity.vn/huawei/huawei-p20-pro.html
1433,https://mobilecity.vn/huawei/huawei-p8-prd817.html
1434,https://mobilecity.vn/huawei/honor-5x-prd911.html
1435,https://mobilecity.vn/iphone-lock/iphone-xs-lock-nhat-my.html
1436,https://mobilecity.vn/huawei/huawei-mate-8-prd943.html
1437,https://mobilecity.vn/huawei/honor-v9.html
1438,https://mobilecity.vn/oneplus/oneplus-9-pro.html
1439,https://mobilecity.vn/vsmart/vsmart-active-1.html
1440,https://mobilecity.vn/huawei/huawei-p10.html
1441,https://mobilecity.vn/iphone-lock/iphone-7-lock-nhat-ban-prd1041.html
1442,https://mobilecity.vn/bkav/bphone-2017.html
1443,https://mobilecity.vn/iphone-lock/iphone-8-lock.html
